Gene Symbol,Name,Entrez GeneId,Genome Location,Tier,Hallmark,Chr Band,Somatic,Germline,Tumour Types(Somatic),Tumour Types(Germline),Cancer Syndrome,Tissue Type,Molecular Genetics,Role in Cancer,Mutation Types,Translocation Partner,Other Germline Mut,Other Syndrome,Synonyms
AFF3,"AF4/FMR2 family, member 3",3899,2:99551121-100106128,1,Yes,11.2,yes,,"ALL, T-ALL",,,L,Dom,"oncogene, fusion",T,"KMT2A, RUNX1",,,"3899,AFF3,ENSG00000144218.18,LAF4,MLLT2-like,P51826"
AFF4,"AF4/FMR2 family, member 4",27125,5:132875379-132963634,1,Yes,31.1,yes,,ALL,,,L,Dom,"oncogene, fusion",T,KMT2A,,,"27125,AF5Q31,AFF4,ENSG00000072364.12,MCEF,Q9UHB7"
BCL11A,B-cell CLL/lymphoma 11A,53335,2:60457192-60555154,1,Yes,16.1,yes,,B-CLL,,,L,Dom,"oncogene, fusion",T,IGH,,,"53335,BCL11A,BCL11A-L,BCL11A-S,BCL11A-XL,CTIP1,ENSG00000119866.21,EVI9,HBFQTL5,ZNF856"
BCL2,B-cell CLL/lymphoma 2,596,18:63123346-63320128,1,,21.33,yes,,"NHL, CLL",,,L,Dom,"oncogene, fusion",T,IGH,,,"596,BCL2,Bcl-2,ENSG00000171791.12,P10415,PPP1R50"
BCL3,B-cell CLL/lymphoma 3,602,19:44748547-44760044,1,,13.32,yes,,CLL,,,L,Dom,"oncogene, fusion",T,IGH,,,"602,BCL3,BCL4,D19S37,ENSG00000069399.14,P20749"
BCL6,B-cell CLL/lymphoma 6,604,3:187721377-187745727,1,,27.3,yes,,"NHL, CLL",,,L,Dom,"oncogene, fusion","T, Mis","IG loci, ZNFN1A1, LCP1, PIM1, TFRC, CIITA, NACA, HSPCB, HSP90AA1, HIST1H4I, IL21R,  POU2AF1, RHOH, EIF4A2, SRSF3",,,"604,BCL5,BCL6,BCL6A,ENSG00000113916.17,LAZ3,P41182,ZBTB27,ZNF51"
BCL9,B-cell CLL/lymphoma 9,607,1:147541412-147626216,1,Yes,21.2,yes,,B-ALL,,,L,Dom,"oncogene, fusion",T,"IGH, IGL",,,"607,BCL9,ENSG00000116128.10,O00512"
CD74,"CD74 molecule, major histocompatibility complex, class II invariant chain",972,5:150402152-150412751,1,,33.1,yes,,NSCLC,,,E,Dom,"oncogene, fusion",T,"ROS1, NRG1",,,"972,CD74,DHLAG,ENSG00000019582.14,P04233"
CRTC1,CREB regulated transcription coactivator 1,23373,19:18683678-18782333,1,Yes,13.11,yes,,salivary gland mucoepidermoid,,,E,Dom,"oncogene, fusion",T,MAML2,,,"23373,CRTC1,ENSG00000105662.15,FLJ14027,KIAA0616,MECT1,Q6UUV9,TORC1"
DDX5,DEAD (Asp-Glu-Ala-Asp) box polypeptide 5,1655,17:64499616-64506521,1,Yes,23.3,yes,,prostate,,,E,Dom,"oncogene, fusion",T,ETV4,,,"1655,DDX5,ENSG00000108654.14,G17P1,HLR1,P17844,p68"
DDX6,DEAD (Asp-Glu-Ala-Asp) box polypeptide 6,1656,11:118747766-118790948,1,Yes,23.3,yes,,B-NHL,,,L,Dom,"oncogene, fusion",T,IGH,,,"1656,DDX6,ENSG00000110367.11,HLR2,P26196,RCK"
DEK,DEK oncogene (DNA binding),7913,6:18223868-18264823,1,,22.3,yes,,AML,,,L,Dom,"oncogene, fusion",T,NUP214,,,"7913,D6S231E,DEK,ENSG00000124795.14,P35659"
DDIT3,DNA-damage-inducible transcript 3,1649,12:57516589-57520517,1,Yes,13.3,yes,,liposarcoma,,,M,Dom,"oncogene, fusion",T,"FUS, EWSR1",,,"1649,CHOP,CHOP10,DDIT3,ENSG00000175197.12,GADD153,P35638"
ELK4,"ELK4, ETS-domain protein (SRF accessory protein 1)",2005,1:205607943-205631962,1,Yes,32.1,yes,,prostate,,,E,Dom,"oncogene, fusion",T,SLC45A3,,,"2005,ELK4,ENSG00000158711.13,P28324,SAP1"
EWSR1,Ewing sarcoma breakpoint region 1 (EWS),2130,22:29268316-29300343,1,Yes,12.2,yes,,"Ewing sarcoma, desmoplastic small round cell tumour , ALL, clear cell sarcoma, sarcoma, myoepithelioma, mesothelioma",,,"L, M, E",Dom,"oncogene, fusion",T,"FLI1, ERG, NR4A3, FEV, ATF1, ETV1, ETV4, WT1, ZNF384, CREB1, POU5F1,  PBX1, NFATC1, NFATC2, DDIT3, PATZ1, SMARCA5, SP3, ZNF444, YY1",,,"2130,ENSG00000182944.17,EWS,EWSR1,Q01844"
FEV,FEV protein - (HSRNAFEV),54738,2:218981087-218985657,1,,35,yes,,Ewing sarcoma,,,M,Dom,"oncogene, fusion",T,"EWSR1,  FUS",,,"54738,ENSG00000163497.2,FEV,Pet-1,Q99581"
FCGR2B,"Fc fragment of IgG, low affinity IIb, receptor for (CD32)",2213,1:161663161-161678654,1,Yes,23.3,yes,,ALL,,,L,Dom,"oncogene, fusion",T,?,,,"2213,CD32,CD32B,ENSG00000072694.20,FCG2,FCGR2,FCGR2B,P31994"
FCRL4,Fc receptor-like 4,83417,1:157573749-157598080,1,,23.1,yes,,B-NHL,,,L,Dom,"oncogene, fusion",T,IGH,,,"83417,CD307d,ENSG00000163518.10,FCRH4,FCRL4,IGFP2,IRTA1,Q96PJ5"
FLI1,Friend leukemia virus integration 1,2313,11:128693770-128813267,1,,24.3,yes,,Ewing sarcoma,,,M,Dom,"oncogene, fusion",T,EWSR1,,,"2313,ENSG00000151702.16,EWSR2,FLI1,Q01543,SIC-1"
GLI1,GLI family zinc finger 1,2735,12:57460138-57472262,2,,13.3,yes,,"CRC, oesophagus cancer",,,E,,"oncogene, fusion","T, F",,yes,IBD,"2735,ENSG00000111087.9,GLI,GLI1,P08151"
JAK2,Janus kinase 2,3717,9:4985245-5128183,1,Yes,24.1,yes,,"ALL, AML, MPN,  CML",,,L,Dom,"oncogene, fusion","T, Mis, O","ETV6, PCM1, BCR",,,"3717,ENSG00000096968.13,JAK2,JTK10,O60674"
KAT6A,K(lysine) acetyltransferase 6A,7994,8:41929479-42051987,1,,11.21,yes,,AML,,,L,Dom,"oncogene, fusion","T, A","CREBBP, NCOA2, EP300",,,"7994,ENSG00000083168.9,KAT6A,MOZ,MYST3,Q92794,RUNXBP2,ZC2HC6A,ZNF220"
LPP,LIM domain containing preferred translocation partner in lipoma,4026,3:188212933-188890671,1,,28,yes,,"lipoma, leukaemia",,,"L, M",Dom,"oncogene, fusion",T,"HMGA2, KMT2A, C12orf9",,,"4026,ENSG00000145012.13,LPP,Q93052"
LMO1,LIM domain only 1 (rhombotin 1) (RBTN1),4004,11:8224304-8263858,1,,15.4,yes,yes,"T-ALL, neuroblastoma",neuroblastoma,,L,Dom,"oncogene, fusion","T, A",TRD,,,"4004,ENSG00000166407.13,LMO1,P25800,RBTN1,RHOM1,TTG1"
LMO2,LIM domain only 2 (rhombotin-like 1) (RBTN2),4005,11:33858576-33892289,1,,13,yes,,T-ALL,,,L,Dom,"oncogene, fusion",T,TRD,,,"4005,ENSG00000135363.11,LMO2,P25791,RBTN2,RBTNL1,RHOM2,TTG2"
LYN,LYN Proto-Oncogene,4067,8:55879813-56010572,2,,12.1,yes,,"DLBCL, B-ALL, MPN",,,L,,"oncogene, fusion","Mis, T","ETV6, GATAD2A, NCOR1",,,"4067,ENSG00000254087.7,JTK8,LYN,P07948"
MECOM,MDS1 and EVI1 complex locus,2122,3:169083499-169146305,1,,26.2,yes,,"AML, CML, MDS",,,L,Dom,"oncogene, fusion",T,"RUNX1, ETV6, PRDM16, RPN1",,,"2122,ENSG00000085276.17,EVI1,KMT8E,MDS1,MDS1-EVI1,MECOM,PRDM3,Q03112"
MN1,"MN1 proto-oncogene, transcriptional regulator",4330,22:27748277-27801498,1,,12.1,yes,,"AML, MDS",,,L,Dom,"oncogene, fusion",T,ETV6,,,"4330,ENSG00000169184.5,MGCR,MGCR1,MGCR1-PEN,MN1,Q10571"
NUTM1,"NUT midline carcinoma, family member 1",256646,15:34343315-34357728,1,,14,yes,,lethal midline carcinoma,,,E,Dom,"oncogene, fusion",T,"BRD3, BRD4",,,"256646,C15orf55,DKFZp434O192,ENSG00000184507.15,FAM22H,NUT,NUTM1,Q86Y26"
PSIP1,PC4 and SFRS1 interacting protein 1 (LEDGF),11168,9:15464066-15511019,1,Yes,22.3,yes,,AML,,,L,Dom,"oncogene, fusion",T,NUP98,,,"11168,DFS70,ENSG00000164985.14,LEDGF,O75475,PSIP1,PSIP2,p52,p75"
POU2AF1,"POU domain, class 2, associating factor 1 (OBF1)",5450,11:111352252-111379692,1,Yes,23.1,yes,,NHL,,,L,Dom,"oncogene, fusion",T,BCL6,,,"5450,BOB1,ENSG00000110777.11,OBF1,POU2AF1,Q16633"
POU5F1,"POU domain, class 5, transcription factor 1",5460,6:31164337-31170693,1,Yes,21.33,yes,,sarcoma,,,M,Dom,"oncogene, fusion",T,EWSR1,,,"5460,ENSG00000204531.17,MGC22487,OCT3,OTF3,Oct4,POU5F1,Q01860"
PRDM16,PR domain containing 16,63976,1:3069211-3438621,1,Yes,36.32,yes,,"MDS, AML",,,L,Dom,"oncogene, fusion",T,MECOM,,,"63976,ENSG00000142611.16,KIAA1675,KMT8F,MEL1,MGC166915,PFM13,PRDM16,Q9HAZ2"
RSPO3,R-spondin 3,84870,6:127118604-127197296,1,,22.33,yes,,colorectal,,,E,Dom,"oncogene, fusion",T,PTPRK,,,"84870,ENSG00000146374.13,FLJ14440,Q9BXY4,RSPO3,THSD2"
RAP1GDS1,"RAP1, GTP-GDP dissociation stimulator 1",5910,4:98261518-98442334,1,Yes,23,yes,,T-ALL,,,L,Dom,"oncogene, fusion",T,NUP98,,,"5910,ENSG00000138698.14,P52306,RAP1GDS1,SmgGDS"
STIL,SCL/TAL1 interrupting locus,6491,1:47250142-47314140,1,,33,yes,,T-ALL,,,L,Dom,"oncogene, fusion",T,TAL1,,,"6491,ENSG00000123473.15,MCPH7,Q15468,SIL,STIL"
SETBP1,SET binding protein 1,26040,18:44680898-45068510,1,,12.3,yes,yes,"aCML, sAML, MDS/MPN-U, CMML, JMML",neuroepithelial tumours,Schinzel-Giedion syndrome,L,Dom,"oncogene, fusion","Mis, T",NUP98,,,"26040,ENSG00000152217.17,KIAA0437,Q9Y6X0,SEB,SETBP1"
SET,SET translocation,6418,9:128683655-128696400,1,,34.11,yes,,T-ALL,,,L,Dom,"oncogene, fusion",T,NUP214,,,"2PP2A,6418,ENSG00000119335.16,IGAAD,IPP2A2,PHAPII,Q01105,SET,TAF-I,TAF-IBETA"
SH3GL1,SH3-domain GRB2-like 1 (EEN),6455,19:4360370-4400547,1,,13.3,yes,,AL,,,L,Dom,"oncogene, fusion",T,KMT2A,,,"6455,CNSA1,EEN,ENSG00000141985.9,MGC111371,Q99961,SH3D2B,SH3GL1,SH3P8"
TAL1,T-cell acute lymphocytic leukemia 1 (SCL),6886,1:47216292-47229771,1,,33,yes,,lymphoblastic leukaemia/biphasic,,,L,Dom,"oncogene, fusion",T,"TRD, STIL",,,"6886,ENSG00000162367.11,P17542,SCL,TAL1,TCL5,bHLHa17"
TAL2,T-cell acute lymphocytic leukemia 2,6887,9:105662457-105663112,1,,31.2,yes,,T-ALL,,,L,Dom,"oncogene, fusion",T,TRB,,,"6887,ENSG00000186051.6,Q16559,TAL2,bHLHa19"
TLX1,"T-cell leukemia, homeobox 1 (HOX11)",3195,10:101130505-101137789,1,,24.31,yes,,T-ALL,,,L,Dom,"oncogene, fusion",T,"TRB, TRD",,,"3195,ENSG00000107807.12,HOX11,P31314,TCL3,TLX1"
TLX3,"T-cell leukemia, homeobox 3 (HOX11L2)",30012,5:171309284-171312134,1,,35.1,yes,,T-ALL,,,L,Dom,"oncogene, fusion",T,BCL11B,,,"30012,ENSG00000164438.5,HOX11L2,O43711,RNX,TLX3"
TCL1A,T-cell leukemia/lymphoma 1A,8115,14:95709968-95714196,1,Yes,32.13,yes,,T-CLL,,,L,Dom,"oncogene, fusion",T,TRA,,,"8115,ENSG00000100721.10,P56279,TCL1,TCL1A"
TAF15,"TAF15 RNA polymerase II, TATA box binding protein (TBP)-associated factor, 68kDa",8148,17:35809455-35847242,1,,12,yes,,"extraskeletal myxoid chondrosarcoma, ALL",,,"L, M",Dom,"oncogene, fusion",T,"NR4A3, CHN1, ZNF384",,,"8148,ENSG00000270647.5,Npl3,Q92804,RBP56,TAF15,TAF2N,hTAFII68"
WWTR1,WW domain containing transcription regulator 1,25937,3:149517235-149703273,1,,25.1,yes,,epithelioid haemangioendothelioma,,,M,Dom,"oncogene, fusion",T,CAMTA1,,,"25937,DKFZp586I1419,ENSG00000018408.14,Q9GZV5,TAZ,WWTR1"
NSD2,Wolf-Hirschhorn syndrome candidate 1(MMSET),7468,4:1892845-1982207,1,,16.3,yes,,MM,,,L,Dom,"oncogene, fusion",T,IGH,,,"7468,ENSG00000109685.17,KMT3G,MMSET,NSD2,O96028,WHSC1"
NSD3,Wolf-Hirschhorn syndrome candidate 1-like 1 (NSD3),54904,8:38269697-38382272,1,,11.23,yes,,AML,,,L,Dom,"oncogene, fusion","T, A",NUP98,,,"54904,ENSG00000147548.16,FLJ20353,KMT3F,NSD3,Q9BZ95,WHISTLE,WHSC1L1"
ATF1,activating transcription factor 1,466,12:50764292-50821122,1,Yes,13.12,yes,,"malignant melanoma of soft parts, angiomatoid fibrous histiocytoma",,,"E, M",Dom,"oncogene, fusion",T,"EWSR1, FUS",,,"466,ATF1,ENSG00000123268.8,P18846,TREB36"
ALK,anaplastic lymphoma kinase (Ki-1),238,2:29192774-29921566,1,Yes,23.2,yes,yes,"ALCL, NSCLC, neuroblastoma, inflammatory myofibroblastic tumour, Spitzoid tumour",neuroblastoma,familial neuroblastoma,"L, E, M",Dom,"oncogene, fusion","T, Mis, A","NPM1, TPM3, TFG, TPM4, ATIC, CLTC, MSN, RNF213, CARS, EML4, KIF5B, C2orf22, DCTN1, HIP1, TPR, RANBP2, PPFIBP1, SEC31A, STRN, VCL, C2orf44, KLC1",,,"238,ALK,CD246,ENSG00000171094.17,Q9UM73"
ACKR3,atypical chemokine receptor 3,57007,2:236569641-236582358,1,Yes,37.3,yes,,lipoma,,,M,Dom,"oncogene, fusion",T,HMGA2,,,"57007,ACKR3,CMKOR1,CXCR7,ENSG00000144476.5,GPR159,P25106,RDC1"
BIRC6,baculoviral IAP repeat containing 6,57448,2:32357028-32618899,2,,22.3,yes,,"melanoma, gastric adenocarcinoma, lung adenocarcinoma",,,E,,"oncogene, fusion","T, Mis",ALK,,,"57448,BIRC6,BRUCE,ENSG00000115760.13,Q9NR09"
BRD3,bromodomain containing 3,8019,9:134030305-134068017,1,,34.2,yes,,lethal midline carcinoma of young people,,,E,Dom,"oncogene, fusion",T,NUTM1,,,"8019,BRD3,ENSG00000169925.16,KIAA0043,ORFX,Q15059,RING3L"
BRD4,bromodomain containing 4,23476,19:15235519-15280451,1,Yes,13.12,yes,,lethal midline carcinoma of young people,,,E,Dom,"oncogene, fusion",T,NUTM1,,,"23476,BRD4,CAP,ENSG00000141867.17,HUNK1,HUNKI,MCAP,O60885"
ABL2,"c-abl oncogene 2, non-receptor tyrosine kinase",27,1:179099327-179229601,1,,25.2,yes,,AML,,,L,Dom,"oncogene, fusion",T,ETV6,,,"27,ABL2,ABLL,ARG,ENSG00000143322.19,P42684"
CREB1,cAMP responsive element binding protein 1,1385,2:207529892-207603431,1,,33.3,yes,,"clear cell sarcoma, angiomatoid fibrous histiocytoma",,,M,Dom,"oncogene, fusion",T,EWSR1,,,"1385,CREB1,ENSG00000118260.14,P16220"
CREB3L2,cAMP responsive element binding protein 3-like 2,64764,7:137874979-138002057,1,Yes,33,yes,,fibromyxoid sarcoma,,,M,Dom,"oncogene, fusion",T,FUS,,,"64764,BBF2H7,CREB3L2,ENSG00000182158.14,Q70SY1,TCAG_1951439"
CHST11,carbohydrate sulfotransferase 11,50515,12:104456973-104762014,2,,23.3,yes,,B-CLL,,,L,,"oncogene, fusion",T,,,,"50515,C4ST,C4ST1,C4St-1,CHST11,ENSG00000171310.10,HSA269537,Q9NPF2"
CTNNB1,"catenin (cadherin-associated protein), beta 1",1499,3:41220551-41239888,1,Yes,22.1,yes,,"colorectal, ovarian,  hepatoblastoma, pleomorphic salivary gland adenoma, other tumour types",,,"E, M, O",Dom,"oncogene, fusion","Mis, O, T",PLAG1,,,"1499,CTNNB,CTNNB1,ENSG00000168036.17,armadillo,beta-catenin"
CCND1,cyclin D1,595,11:69641087-69654474,1,Yes,13.3,yes,,"CLL, B-ALL, breast",,,"L, E",Dom,"oncogene, fusion",T,"IGH, FSTL3",,,"595,BCL1,CCND1,D11S287E,ENSG00000110092.3,P24385,PRAD1,U21B31"
CCND2,cyclin D2,894,12:4273772-4305350,1,Yes,13.32,yes,,"NHL,CLL",,,L,Dom,"oncogene, fusion",T,IGL,,,"894,CCND2,ENSG00000118971.7,P30279"
CCND3,cyclin D3,896,6:41934933-41941848,1,,21.1,yes,,MM,,,L,Dom,"oncogene, fusion",T,IGH,,,"896,CCND3,ENSG00000112576.12,P30281"
CDK6,cyclin-dependent kinase 6,1021,7:92604921-92833917,1,Yes,21.2,yes,,ALL,,,L,Dom,"oncogene, fusion",T,MLLT10,,,"1021,CDK6,ENSG00000105810.9,PLSTIRE,Q00534"
CRLF2,cytokine receptor-like factor 2,64109,X:1190490-1212750,1,Yes,22.33,yes,,"B-ALL, Downs associated ALL",,,L,Dom,"oncogene, fusion","Mis, T","P2RY8, IGH",,,"64109,CRL2,CRLF2,ENSG00000205755.11,Q9HC73,TSLPR"
ETV1,ets variant gene 1,2115,7:13891228-13989946,1,,21.2,yes,,"Ewing sarcoma, prostate",,,"M, E",Dom,"oncogene, fusion",T,"EWSR1, TMPRSS2, SLC45A3, HMGN2P46, HNRNPA2B1. ACSL3",,,"2115,ENSG00000006468.13,ER81,ETV1,P50549"
ETV4,"ets variant gene 4 (E1A enhancer binding protein, E1AF)",2118,17:43527844-43546432,1,,21.31,yes,,"Ewing sarcoma, prostate carcinoma",,,"M, E",Dom,"oncogene, fusion",T,"EWSR1, TMPRSS2, DDX5, KLK2, CANT1",,,"2118,E1A-F,E1AF,ENSG00000175832.12,ETV4,P43268,PEA3"
ETV5,ets variant gene 5,2119,3:186046308-186109112,1,,27.2,yes,,prostate,,,E,Dom,"oncogene, fusion",T,"TMPRSS2, SCL45A3",,,"2119,ENSG00000244405.7,ERM,ETV5,P41161"
FGFR1,fibroblast growth factor receptor 1,2260,8:38411138-38467845,1,Yes,11.23,yes,,"MPN, NHL, salivary adenoma",,,L,Dom,"oncogene, fusion",T,"BCR, FOP, ZMYM2, CNTRL, PLAG1",yes,"Pfeiffer syndrome, Kallman syndrome","2260,BFGFR,CD331,CEK,ENSG00000077782.19,FGFR1,FLG,FLT2,H2,H3,H4,H5,KAL2,N-SAM,P11362"
FGFR2,fibroblast growth factor receptor 2,2263,10:121479857-121598403,1,Yes,26.13,yes,,"gastric, NSCLC, endometrial",,,E,Dom,"oncogene, fusion",Mis,,yes,"Crouzon, Pfeiffer, and Apert syndromes","2263,BEK,CD332,CEK3,CFD1,ECT1,ENSG00000066468.22,FGFR2,JWS,K-SAM,KGFR,P21802,TK14,TK25"
FGFR3,fibroblast growth factor receptor 3,2261,4:1793312-1808872,1,Yes,16.3,yes,,"bladder, MM, T-cell lymphoma",,,"L, E",Dom,"oncogene, fusion","Mis, T","IGH, ETV6",yes,"Hypochondroplasia, Thanatophoric dysplasia","2261,ACH,CD333,CEK2,ENSG00000068078.18,FGFR3,JTK4,P22607"
FSTL3,follistatin-like 3 (secreted glycoprotein),10272,19:676365-683399,1,,13.3,yes,,B-CLL,,,L,Dom,"oncogene, fusion",T,CCND1,,,"10272,ENSG00000070404.9,FLRG,FSRP,FSTL3,O95633"
FOXP1,forkhead box P1,27086,3:70954715-71583989,1,,13,yes,,ALL,,,L,Dom,"oncogene, fusion",T,PAX5,,,"12CC4,27086,ENSG00000114861.19,FOXP1,HSPC215,Q9H334,QRF1,hFKH1B"
FOXR1,forkhead box R1,283150,11:118971707-118981291,2,,23.3,yes,,neuroblastoma,,,O,,"oncogene, fusion",T,,,,"283150,DLNB13,ENSG00000176302.12,FOXN5,FOXR1,Q6PIV2"
HEY1,hairy/enhancer-of-split related with YRPW motif 1,23462,8:79764013-79767857,1,Yes,21.13,yes,,mesenchymal chondrosarcoma,,,M,Dom,"oncogene, fusion",T,NCOA2,,,"23462,CHF-2,CHF2,ENSG00000164683.16,HERP2,HESR-1,HESR1,HEY1,HRT-1,Q9Y5J3,bHLHb31"
HLF,hepatic leukemia factor,3131,17:55265012-55325065,1,,22,yes,,ALL,,,L,Dom,"oncogene, fusion",T,TCF3,,,"3131,ENSG00000108924.13,HLF,MGC33822,Q16534"
HNRNPA2B1,heterogeneous nuclear ribonucleoprotein A2/B1,3181,7:26189927-26200746,1,Yes,15.2,yes,,prostate,,,E,Dom,"oncogene, fusion",T,ETV1,,,"3181,ENSG00000122566.20,HNRNPA2B1,HNRPA2B1,P22626"
HMGA1,high mobility group AT-hook 1,3159,6:34236873-34246230,1,,21.31,yes,,"microfollicular thyroid adenoma, various benign mesenchymal tumours",,,"E, M",Dom,"oncogene, fusion",T,?,,,"3159,ENSG00000137309.19,HMGA1,HMGIY,P17096"
HMGA2,high mobility group AT-hook 2 (HMGIC),8091,12:65824460-65915447,1,,14.3,yes,,"lipoma, leiomyoma, pleomorphic salivary gland adenoma",,,M,Dom,"oncogene, fusion",T,"LHFP, RAD51B, LPP, COX6C, ACKR3, NFIB, ALDH2, CCNB1IP1, EBF1, WIF1, FHIT",,,"8091,BABL,ENSG00000149948.13,HMGA2,HMGIC,LIPO"
HOXA13,homeo box A13,3209,7:27194364-27200106,1,,15.2,yes,,AML,,,L,Dom,"oncogene, fusion",T,NUP98,,,"3209,ENSG00000106031.7,HOX1,HOX1J,HOXA13,P31271"
HOXC11,homeo box C11,3227,12:53973126-53977643,1,,13.13,yes,,AML,,,L,Dom,"oncogene, fusion",T,NUP98,,,"3227,ENSG00000123388.4,HOX3H,HOXC11,O43248"
HOXC13,homeo box C13,3229,12:53938765-53946544,1,,13.13,yes,,AML,,,L,Dom,"oncogene, fusion",T,NUP98,,,"3229,ENSG00000123364.4,HOX3,HOX3G,HOXC13,P31276"
HOXD11,homeo box D11,3237,2:176107286-176109588,1,,31.1,yes,,AML,,,L,Dom,"oncogene, fusion",T,NUP98,,,"3237,ENSG00000128713.13,HOX4,HOX4F,HOXD11,P31277"
HOXD13,homeo box D13,3239,2:176092891-176095938,1,,31.1,yes,,AML*,,,L,Dom,"oncogene, fusion",T,NUP98,,,"3239,ENSG00000128714.5,HOX4I,HOXD13,P35453,SPD"
HIP1,huntingtin interacting protein 1,3092,7:75533300-75738947,1,Yes,11.23,yes,,"CMML, NSCLC",,,"L, E",Dom,"oncogene, fusion",T,"PDGFRB, ALK",,,"3092,ENSG00000127946.16,HIP1,ILWEQ,O00291"
LYL1,lymphoblastic leukemia derived sequence 1,4066,19:13099033-13102867,1,,13.13,yes,,T-ALL,,,L,Dom,"oncogene, fusion",T,TRB,,,"4066,ENSG00000104903.4,LYL1,P12980,bHLHa18"
LCK,lymphocyte-specific protein tyrosine kinase,3932,1:32251239-32286165,1,Yes,35.2,yes,,T-ALL,,,L,Dom,"oncogene, fusion",T,TRB,,,"3932,ENSG00000182866.16,LCK,P06239"
KDM5A,"lysine (K)-specific demethylase 5A, JARID1A",5927,12:280129-389454,1,,13.33,yes,,AML,,,L,Dom,"oncogene, fusion",T,NUP98,,,"5927,ENSG00000073614.12,JARID1A,KDM5A,P29375,RBBP2"
KMT2A,lysine (K)-specific methyltransferase 2A,4297,11:118436490-118526832,1,Yes,23.3,yes,,"AML, ALL",,,L,Dom,"oncogene, fusion","T, O","KMT2A, MLLT1, AFF1, MLLT3, MLLT4, FOXO4, MLLT10, MLLT6, ELL, EPS15, MLLT11, CREBBP, SH3GL1, FNBP1, SEPT5, SEPT9, GPHN, GMPS, ABI1, ARHGEF12, GAS7, FOXO3, AFF3, TET1, SEPT6, LPP, RUNX1T1, ARHGAP26, EP300, PICALM, CLP1, PRRC1, DAB2IP, MAPRE1, KIAA1524, SEPT2, SARNP, ZFYVE19, TOP3A, CASC5, EEFSEC, FRYL, SORBS2, ABI2, LASP1, CASP8AP2, AFF4, NRIP3, NCKIPSD, CBL, ACTN4, PDS5A, CT45A2, MYO1F, KIAA0284, BTBD18",,,"4297,ALL-1,CXXC7,ENSG00000118058.20,HRX,HTRX1,KMT2A,MLL,MLL1A,Q03164,TRX1"
MAML2,mastermind-like 2 (Drosophila),84441,11:95976598-96343180,1,,21,yes,,salivary gland mucoepidermoid,,,E,Dom,"oncogene, fusion",T,"CRTC3, CRTC1",,,"84441,ENSG00000184384.13,KIAA1819,MAM3,MAML2,Q8IZL2"
MTCP1,mature T-cell proliferation 1,4515,X:155064034-155071226,1,,28,yes,,T cell prolymphocytic leukaemia,,,L,Dom,"oncogene, fusion",T,TRA,,,"4515,ENSG00000214827.9,MTCP1,P13MTCP1,P56278,p8MTCP1"
MALT1,mucosa associated lymphoid tissue lymphoma translocation gene 1,10892,18:58671386-58754477,1,,21.32,yes,,MALT,,,L,Dom,"oncogene, fusion",T,BIRC3,,,"10892,ENSG00000172175.12,MALT1,MLT,PCASP1,Q9UDY8"
MSI2,musashi homolog 2 (Drosophila),124540,17:57256534-57684685,1,,22,yes,,CML,,,L,Dom,"oncogene, fusion",T,HOXA9,,,"124540,ENSG00000153944.10,MSI2,Q96DH6"
MLLT10,"myeloid/lymphoid or mixed-lineage leukemia (trithorax homolog, Drosophila); translocated to, 10 (AF10)",8028,10:21534343-21743630,1,Yes,12.31,yes,,AL,,,L,Dom,"oncogene, fusion",T,"KMT2A, PICALM, CDK6",,,"8028,AF10,ENSG00000078403.16,MLLT10,P55197"
AFDN,"myeloid/lymphoid or mixed-lineage leukemia (trithorax homolog, Drosophila); translocated to, 4 (AF6)",4301,6:167827635-167970232,1,,27,yes,,AL,,,L,Dom,"oncogene, fusion",T,KMT2A,,,"4301,AF-6,AF6,AFDN,ENSG00000130396.20,MLLT4"
NTRK3,"neurotrophic tyrosine kinase, receptor, type 3",4916,15:87876757-88256731,1,,25.3,yes,,"congenital fibrosarcoma, secretory breast",,,"E, M",Dom,"oncogene, fusion",T,ETV6,,,"4916,ENSG00000140538.16,NTRK3,Q16288,TRKC"
NFATC2,"nuclear factor of activated T-cells, cytoplasmic, calcineurin-dependent 2",4773,20:51386957-51542719,1,,13.2,yes,,Ewing sarcoma,,,M,Dom,"oncogene, fusion",T,EWSR1,,,"4773,ENSG00000101096.19,NF-ATP,NFAT1,NFATC2,NFATp,Q13469"
NCOA2,nuclear receptor coactivator 2 (TIF2),10499,8:70109762-70403805,1,Yes,13.3,yes,,"AML, chondrosarcoma, rhabdomyosarcoma",,,"L, M",Dom,"oncogene, fusion",T,"KAT6A, HEY1, NCOA2",,,"10499,ENSG00000140396.12,GRIP1,KAT13C,NCOA2,NCoA-2,Q15596,TIF2,bHLHe75"
NR4A3,"nuclear receptor subfamily 4, group A, member 3 (NOR1)",8013,9:99821855-99866891,1,,31.1,yes,,extraskeletal myxoid chondrosarcoma,,,M,Dom,"oncogene, fusion",T,"EWSR1, TAF15, TCF12, TFG",,,"8013,CHN,CSMF,ENSG00000119508.17,MINOR,NOR1,NR4A3,Q92570"
NPM1,"nucleophosmin (nucleolar phosphoprotein B23, numatrin)",4869,5:171387648-171411137,1,Yes,35.1,yes,,"NHL, APL, AML",,,L,Dom,"oncogene, fusion","T, F","ALK, RARA, MLF1",,,"4869,B23,ENSG00000181163.13,NPM,NPM1,P06748"
NUP98,nucleoporin 98kDa,4928,11:3675010-3797792,1,,15.4,yes,,AML,,,L,Dom,"oncogene, fusion",T,"HOXA9, NSD1, WHSC1L1, DDX10, TOP1, HOXD13, PRRX1, HOXA13, HOXD11, HOXA11, RAP1GDS1, HOXC11",,,"4928,ENSG00000110713.15,NUP96,NUP98,P52948"
OLIG2,oligodendrocyte lineage transcription factor 2 (BHLHB1),10215,21:33025935-33029196,1,,22.11,yes,,T-ALL,,,L,Dom,"oncogene, fusion",T,TRA,,,"10215,BHLHB1,ENSG00000205927.4,OLIG2,OLIGO2,PRKCBP2,Q13516,RACK17,bHLHe19"
PAX3,paired box gene 3,5077,2:222199888-222298981,1,Yes,36.1,yes,,alveolar rhabdomyosarcoma,,,M,Dom,"oncogene, fusion",T,"FOXO1, NCOA1, NCOA2",yes,Waardenburg syndrome; craniofacial-deafness-hand syndrome,"5077,ENSG00000135903.19,HUP2,P23760,PAX3,WS1"
PLCG1,"phospholipase C, gamma 1",5335,20:41136960-41175721,1,Yes,12,yes,,angiosarcoma,,,E,Dom,"oncogene, fusion",Mis,,,,"5335,ENSG00000124181.14,NCKAP3,P19174,PLC-II,PLC1,PLC148,PLCG1,PLCgamma1"
PIM1,pim-1 oncogene,5292,6:37170203-37175426,1,Yes,21.2,yes,,NHL,,,L,Dom,"oncogene, fusion","T, Mis",BCL6,,,"5292,ENSG00000137193.13,P11309,PIM,PIM1"
PDGFB,platelet-derived growth factor beta polypeptide (simian sarcoma viral (v-sis) oncogene homolog),5155,22:39223359-39244751,1,,13.1,yes,,DFSP,,,M,Dom,"oncogene, fusion",T,COL1A1,,,"5155,ENSG00000100311.16,P01127,PDGFB,SIS,SSV"
PDGFRB,"platelet-derived growth factor receptor, beta polypeptide",5159,5:150113837-150155860,1,,32,yes,,"MPN, AML, CMML, CML",,,L,Dom,"oncogene, fusion",T,"ETV6, TRIP11, HIP1, RABEP1, H4, NIN, SPECC1, PDE4DIP",,,"5159,CD140b,ENSG00000113721.13,JTK12,P09619,PDGFR,PDGFR1,PDGFRB"
PDGFRA,"platelet-derived growth factor, alpha-receptor",5156,4:54229097-54298247,1,Yes,12,yes,yes,"GIST, idiopathic hypereosinophilic syndrome, paediatric glioblastoma",GIST,familial gastrointestinal stromal tumour,"L, M, O",Dom,"oncogene, fusion","Mis, O, T",FIP1L1,,,"5156,CD140a,ENSG00000134853.11,GAS9,P16234,PDGFR2,PDGFRA"
PLAG1,pleiomorphic adenoma gene 1,5324,8:56160904-56211279,1,,12.1,yes,,"salivary adenoma, lipoblastoma",,,E,Dom,"oncogene, fusion",T,"TCEA1, LIFR, CTNNB1, CHCHD7, COL1A2, HAS2",,,"5324,ENSG00000181690.7,PLAG1,Q6DJT9,ZNF912"
PBX1,pre-B-cell leukemia transcription factor 1,5087,1:164559635-164851831,1,Yes,23.3,yes,,"pre B-ALL, myoepithelioma",,,"L, M",Dom,"oncogene, fusion",T,"TCF3, EWSR1",,,"5087,ENSG00000185630.18,P40424,PBX1"
PDCD1LG2,programmed cell death 1 ligand 2,80380,9:5510570-5571254,1,Yes,24.1,yes,,"PMBL, Hodgkin lymphoma",,,L,Dom,"oncogene, fusion",T,CIITA,,,"80380,B7-DC,Btdc,CD273,ENSG00000197646.7,PD-L2,PDCD1LG2,PDL2,Q9BQ51,bA574F11.2"
P2RY8,"purinergic receptor P2Y, G-protein coupled, 8",286530,X:1462572-1537107,1,,22.33,yes,,"B-ALL, Down syndrome associated ALL",,,L,Dom,"oncogene, fusion",T,CRLF2,,,"286530,ENSG00000182162.10,P2RY8,P2Y8,Q86VZ1"
RET,ret proto-oncogene,5979,10:43077027-43130351,1,Yes,11.21,yes,yes,"medullary thyroid, papillary thyroid, pheochromocytoma, NSCLC, Spitzoid tumour","medullary thyroid,  papillary thyroid, pheochromocytoma",multiple endocrine neoplasia 2A/2B,"E, O",Dom,"oncogene, fusion","T, Mis, N, F","H4, PRKAR1A, NCOA4, PCM1, GOLGA5, TRIM33, KTN1, TRIM27, HOOK3, KIF5B, CCDC6",yes,Hirschsprung disease,"5979,CDHF12,CDHR16,ENSG00000165731.18,HSCR1,MEN2A,MEN2B,MTC1,P07949,PTC,RET,RET51"
RARA,"retinoic acid receptor, alpha",5914,17:40309194-40356796,1,,21.2,yes,,APL,,,L,Dom,"oncogene, fusion",T,"PML, ZBTB16, TRIM24, NUMA1, NPM1",,,"5914,ENSG00000131759.17,NR1B1,P10276,RAR,RARA"
SRSF3,serine/arginine-rich splicing factor 3,6428,6:36594368-36605600,1,,21.31,yes,,follicular lymphoma,,,L,Dom,"oncogene, fusion",T,BCL6,,,"6428,ENSG00000112081.16,P84103,SFRS3,SRSF3,SRp20"
STAT6,"signal transducer and activator of transcription 6, interleukin-4 induced",6778,12:57095408-57111433,1,,13.3,yes,,"solitary fibrous tumour, meningeal haemangiopericytoma",,,"M, O",Dom,"oncogene, fusion",T,NAB2,,,"6778,D12S1644,ENSG00000166888.11,IL-4-STAT,P42226,STAT6"
SYK,spleen tyrosine kinase,6850,9:90801787-90898549,1,,22.2,yes,,"MDS, peripheral T-cell lymphoma",,,L,Dom,"oncogene, fusion",T,"ETV6, ITK",,,"6850,ENSG00000165025.14,P43405,SYK"
SND1,staphylococcal nuclease and tudor domain containing 1,27044,7:127652180-128092607,1,,32.1,yes,,pancreas acinar carcinoma,,,E,Dom,"oncogene, fusion",T,BRAF,,,"27044,ENSG00000197157.10,Q7KZF4,SND1,TDRD11,p100"
SSX1,"synovial sarcoma, X breakpoint 1",6756,X:48255317-48267444,1,,11.23,yes,,synovial sarcoma,,,M,Dom,"oncogene, fusion",T,SS18,,,"6756,CT5.1,ENSG00000126752.7,Q16384,SSX1"
SSX2,"synovial sarcoma, X breakpoint 2",6757,X:52696896-52707161,1,,11.22,yes,,synovial sarcoma,,,M,Dom,"oncogene, fusion",T,SS18,,,"6757,CT5.2a,ENSG00000241476.8,HD21,HOM-MEL-40,MGC119055,MGC15364,MGC3884,Q16385,SSX,SSX2"
SSX4,"synovial sarcoma, X breakpoint 4",6759,X:48383527-48393347,1,,11.23,yes,,synovial sarcoma,,,M,Dom,"oncogene, fusion",T,SS18,,,"6759,CT5.4,ENSG00000268009.5,O60224,SSX4"
TEC,tec protein tyrosine kinase,7006,4:48135783-48269864,2,,12,yes,,myxoid chondrosarcoma,,,M,,"oncogene, fusion",T,,,,"7006,ENSG00000135605.12,P42680,PSCTK4,TEC"
TCF7L2,transcription factor 7-like 2,6934,10:112950407-113167493,1,Yes,25.3,yes,,colorectal,,,E,Dom,"oncogene, fusion",T,VTI1A,,,"6934,ENSG00000148737.16,Q9NQB0,TCF-4,TCF4,TCF7L2"
TFEB,transcription factor EB,7942,6:41683978-41736259,1,,21.1,yes,,renal cell carcinoma (childhood epithelioid),,,"E,M",Dom,"oncogene, fusion",T,ALPHA,,,"7942,ENSG00000112561.17,TCFEB,TFEB,bHLHe35"
TFE3,transcription factor binding to IGHM enhancer 3,7030,X:49028731-49043486,1,Yes,11.23,yes,,"papillary renal, alveolar soft part sarcoma, renal",,,E,Dom,"oncogene, fusion",T,"SFPQ, ASPSCR1, PRCC, NONO, CLTC",,,"7030,ENSG00000068323.16,P19532,TFE3,TFEA,bHLHe33"
TRIM27,tripartite motif-containing 27,5987,6:28903002-28923989,1,,22.1,yes,,papillary thyroid,,,E,Dom,"oncogene, fusion",T,RET,,,"5987,ENSG00000204713.10,P14373,RFP,RNF76,TRIM27"
TNFRSF17,"tumor necrosis factor receptor superfamily, member 17",608,16:11965107-11968068,1,,13.13,yes,,intestinal T-cell lymphoma,,,L,Dom,"oncogene, fusion",T,IL2,,,"608,BCM,BCMA,CD269,ENSG00000048462.10,Q02223,TNFRSF13A,TNFRSF17"
USP6,ubiquitin specific peptidase 6 (Tre-2 oncogene),9098,17:5116438-5174991,1,,13.2,yes,,aneurysmal bone cyst,,,M,Dom,"oncogene, fusion",T,"COL1A1, CDH11, CNBP, OMD, THRAP3",,,"9098,ENSG00000129204.16,HRP1,P35125,TRE17,TRESMCR,Tre-2,Tre2,USP6"
ABL1,v-abl Abelson murine leukemia viral oncogene homolog 1,25,9:130713946-130885683,1,Yes,34.12,yes,,"CML, ALL, T-ALL",,,L,Dom,"oncogene, fusion","T, Mis","BCR, ETV6, NUP214",,,"25,ABL,ABL1,ENSG00000097007.17,JTK7,P00519,c-ABL,p150"
ERBB2,"v-erb-b2 erythroblastic leukemia viral oncogene homolog 2, neuro/glioblastoma derived oncogene homolog (avian)",2064,17:39700080-39728662,1,Yes,12,yes,,"breast, ovarian, other tumour types, NSCLC, gastric",,,E,Dom,"oncogene, fusion","A, Mis, O",,,,"2064,CD340,ENSG00000141736.13,ERBB2,HER-2,HER2,NEU,NGL,P04626"
ERG,v-ets erythroblastosis virus E26 oncogene like (avian),2078,21:38380027-38661694,1,Yes,22.2,yes,,"Ewing sarcoma, prostate, AML",,,"M, E, L",Dom,"oncogene, fusion","T, A","EWSR1, TMPRSS2, ELF4, FUS, HERPUD1, NDRG1",,,"2078,ENSG00000157554.18,ERG,P11308,erg-3,p55"
MAF,v-maf musculoaponeurotic fibrosarcoma oncogene homolog,4094,16:79593838-79600714,1,,23.2,yes,,MM,,,L,Dom,"oncogene, fusion",T,IGH,,,"4094,ENSG00000178573.6,MAF,O75444,c-MAF"
MAFB,v-maf musculoaponeurotic fibrosarcoma oncogene homolog B (avian),9935,20:40685848-40689240,1,,12,yes,,MM,,,L,Dom,"oncogene, fusion",T,IGH,,,"9935,ENSG00000204103.3,KRML,MAFB,Q9Y5Q3"
MYB,v-myb myeloblastosis viral oncogene homolog,4602,6:135181315-135219167,1,,23.3,yes,,adenoid cystic carcinoma,,,E,Dom,"oncogene, fusion",T,NFIB,,,"4602,ENSG00000118513.18,MYB,P10242,c-myb"
MYC,v-myc myelocytomatosis viral oncogene homolog (avian),4609,8:127736069-127741434,1,Yes,24.21,yes,,"Burkitt lymphoma, amplified in other cancers, B-CLL",,,"L, E",Dom,"oncogene, fusion","A, T","IGK, BCL5, BCL7A , BTG1, TRA, IGH",,,"4609,ENSG00000136997.17,MYC,MYCC,bHLHe39,c-Myc"
BRAF,v-raf murine sarcoma viral oncogene homolog B1,673,7:140730665-140924928,1,Yes,34,yes,,"melanoma, colorectal, papillary thyroid, borderline ovarian, NSCLC, cholangiocarcinoma, pilocytic astrocytoma, Spitzoid tumour, pancreas acinar carcinoma, melanocytic nevus, prostate, gastric",,,"E, O",Dom,"oncogene, fusion","Mis, T, O","AKAP9, KIAA1549, CEP88, LSM14A, SND1, FCHSD1, SLC45A3, FAM131B, RNF130, CLCN6, MKRN1, GNAI1, AGTRAP",yes,Cardio-facio-cutaneous syndrome,"673,BRAF,BRAF1,ENSG00000157764.13"
RAF1,v-raf-1 murine leukemia viral oncogene homolog 1,5894,3:12583601-12664226,1,Yes,25.2,yes,,"pilocytic astrocytoma, prostate",,,"O, E",Dom,"oncogene, fusion","T, A","SRGAP3, ESRP1",,,"5894,CRAF,ENSG00000132155.11,P04049,RAF1,Raf-1,c-Raf"
ROS1,v-ros UR2 sarcoma virus oncogene homolog 1 (avian),6098,6:117288300-117425855,1,Yes,22.1,yes,,"glioblastoma, NSCLC, Spitzoid tumour, cholangiocarcinoma, borderline ovarian",,,"O, E",Dom,"oncogene, fusion",T,"GOPC, SDC4, SLC34A2, EZR, LRIG3, HLA-A, MYO5A, PPFIBP1, ERC1, CLIP1, TPM3, ZCCHHC8, KIAA1598, PWWP2A",,,"6098,ENSG00000047936.10,MCF3,P08922,ROS,ROS1,c-ros-1"
ZNF521,zinc finger protein 521,25925,18:25061926-25352152,1,,11.2,yes,,ALL,,,L,Dom,"oncogene, fusion",T,PAX5,,,"25925,EHZF,ENSG00000198795.10,Evi3,Q96K83,ZNF521"
BCL11B,B-cell CLL/lymphoma 11B  (CTIP2),64919,14:99169287-99271228,1,Yes,32.2,yes,,T-ALL,,,L,Dom,"oncogene, TSG, fusion",T,TLX3,,,"64919,BCL11B,CTIP-2,CTIP2,ENSG00000127152.17,Q9C0K0,ZNF856B,hRIT1-alpha"
CREBBP,CREB binding protein (CBP),1387,16:3725054-3880726,1,Yes,13.3,yes,,"ALL, AML, DLBCL, B-NHL",,,L,Dom/Rec,"oncogene, TSG, fusion","T, N, F, Mis, O","KMT2A, MORF, KAT6A",yes,Rubinstein-Taybi syndrome,"1387,CBP,CREBBP,ENSG00000005339.14,KAT3A,Q92793,RSTS,RTS"
CBL,Cas-Br-M (murine) ecotropic retroviral transforming,867,11:119206276-119308149,1,Yes,23.3,yes,,"AML, JMML, MDS",,,L,Dom/Rec,"oncogene, TSG, fusion","T, Mis, S, O",KMT2A,,,"867,CBL,CBL2,ENSG00000110395.6,P22681,RNF55,c-Cbl"
ELF4,E74-like factor 4 (ets domain transcription factor),2000,X:130064928-130110495,1,Yes,26.1,yes,,AML,,,L,Dom,"oncogene, TSG, fusion",T,ERG,,,"2000,ELF4,ELFR,ENSG00000102034.16,MEF,Q99607"
IKZF3,IKAROS Family Zinc Finger 3,22806,17:39757715-39864188,1,,21.1,yes,,"B-ALL, CLL, breast cancer, colorectal cancer",,,"L, E",,"oncogene, TSG, fusion","D, Mis, F, N, T","NAGLU, VAPB",,,"22806,Aiolos,ENSG00000161405.16,IKZF3,Q9UKT9,ZNFN1A3"
NOTCH1,"Notch homolog 1, translocation-associated (Drosophila) (TAN1)",4851,9:136494433-136545786,1,Yes,34.3,yes,,"T-ALL, breast, bladder, skin SCC, lung SCC, head and neck SCC",,,"L, E",Dom/Rec,"oncogene, TSG, fusion","T, Mis, O","TRB, SEC16A, GABBR2",,,"4851,ENSG00000148400.10,NOTCH1,P46531,TAN1"
WT1,Wilms tumour 1 gene,7490,11:32387775-32435630,1,,13,yes,yes,"Wilms tumour, desmoplastic small round cell tumour",Wilms tumour,"Denys-Drash syndrome, Frasier syndrome, familial Wilms tumour",O,Rec,"oncogene, TSG, fusion","D, Mis, N, F, S, T",EWSR1,,,"7490,AWT1,ENSG00000184937.13,GUD,NPHS4,WAGR,WIT-2,WT1"
ARNT,aryl hydrocarbon receptor nuclear translocator,405,1:150809705-150876768,1,Yes,21.3,yes,,AML,,,L,Dom,"oncogene, TSG, fusion",T,ETV6,,,"405,ARNT,ENSG00000143437.20,HIF-1beta,P27540,bHLHe2"
BIRC3,baculoviral IAP repeat-containing 3,330,11:102317495-102337734,1,Yes,22.2,yes,,"CLL, MALT, MCL, MM",,,L,Dom,"oncogene, TSG, fusion","D, F, N, T, Mis",MALT1,,,"330,API2,BIRC3,ENSG00000023445.13,MALT2,MIHC,Q13489,RNF49,c-IAP2,cIAP2,hiap-1"
CIC,capicua homolog,23152,19:42284665-42295797,1,Yes,13.2,yes,,"oligodendroglioma, soft tissue sarcoma",,,"O, M",Rec,"oncogene, TSG, fusion","Mis, F, S,T","DUX4L1, FOXO4",,,"23152,CIC,ENSG00000079432.7,KIAA0306,Q96RK0"
ESR1,estrogen receptor 1,2099,6:151690496-152103274,1,Yes,25.2,yes,,breast,,,E,Dom,"oncogene, TSG, fusion",Mis,,,,"2099,ENSG00000091831.23,ER-alpha,ESR,ESR1,Era,NR3A1,P03372"
FOXO1,forkhead box O1,2308,13:40555667-40666597,1,,14.11,yes,,alveolar rhabdomyosarcoma,,,M,Dom,"oncogene, TSG, fusion",T,"PAX3, PAX7",,,"2308,ENSG00000150907.7,FKH1,FKHR,FOXO1,FOXO1A,Q12778"
FOXO3,forkhead box O3,2309,6:108560866-108684768,1,,21,yes,,AL,,,L,Dom,"oncogene, TSG, fusion",T,KMT2A,,,"2309,AF6q21,ENSG00000118689.14,FKHRL1,FOXO2,FOXO3,FOXO3A,O43524"
FOXO4,forkhead box O4,4303,X:71096197-71103535,1,,13.1,yes,,"AL, soft tissue sarcoma",,,"L, M",Dom,"oncogene, TSG, fusion",T,"KMT2A, CIC",,,"4303,AFX1,ENSG00000184481.16,FOXO4,MLLT7,P98177"
HOXA11,homeo box A11,3207,7:27181515-27185216,1,Yes,15.2,yes,,CML,,,L,Dom,"oncogene, TSG, fusion",T,NUP98,,,"3207,ENSG00000005073.5,HOX1,HOX1I,HOXA11,P31270"
HOXA9,homeo box A9,3205,7:27162435-27165530,1,,15.2,yes,,AML*,,,L,Dom,"oncogene, TSG, fusion",T,"NUP98, MSI2",,,"3205,ENSG00000078399.17,HOX1,HOX1G,HOXA9,P31269"
IRF4,interferon regulatory factor 4,3662,6:391739-411447,1,,25.3,yes,,MM,,,L,Dom,"oncogene, TSG, fusion",T,IGH,,,"3662,ENSG00000137265.14,IRF4,LSIRF,MUM1,Q15306"
MRTFA,megakaryoblastic leukemia (translocation) 1,57591,22:40411390-40533635,1,,13.2,yes,,acute megakaryocytic leukaemia,,,L,Dom,"oncogene, TSG, fusion",T,RBM15,,,"57591,BSAC,ENSG00000196588.15,KIAA1438,MAL,MKL,MKL1,MRTF-A,MRTFA"
MALAT1,metastasis associated lung adenocarcinoma transcript 1 ( lnc-RNA; non-protein coding),,11:65497762-65506469,2,,13.1,yes,,"renal cell carcinoma (childhood epithelioid), lung",,,E,Dom,"oncogene, TSG, fusion",T,TFEB,,,
NTRK1,"neurotrophic tyrosine kinase, receptor, type 1",4914,1:156860894-156881642,1,Yes,23.1,yes,,"papillary thyroid, Spitzoid tumour",,,E,Dom,"oncogene, TSG, fusion","T, A","TPM3, TPR, TFG, TP53, LMNA",,,"4914,ENSG00000198400.11,MTC,NTRK1,P04629,TRK,TRKA"
NFKB2,nuclear factor of kappa light polypeptide gene enhancer in B-cells 2 (p49/p100),4791,10:102394597-102402524,1,,24.32,yes,,B-NHL,,,L,Dom,"oncogene, TSG, fusion",T,IGH,,,"4791,ENSG00000077150.18,LYT-10,NF-kB2,NFKB2,Q00653,p105,p49/p100,p52"
PAX5,paired box gene 5 (B-cell lineage specific activator protein),5079,9:36833275-37034185,1,Yes,13.2,yes,,"NHL, ALL, B-ALL",,,L,Dom,"oncogene, TSG, fusion","T, Mis, D, F, S","IGH, ETV6, PML, FOXP1, ZNF521, ELN",,,"5079,BSAP,ENSG00000196092.12,PAX5,Q02548"
PRKAR1A,"protein kinase, cAMP-dependent, regulatory, type I, alpha (tissue specific extinguisher 1)",5573,17:68512379-68533423,1,Yes,24.2,yes,yes,papillary thyroid,"myxoma, endocrine, papillary thyroid",Carney complex,"E, M",Dom/Rec,"oncogene, TSG, fusion","T, Mis, N, F, S",RET,,,"5573,CNC1,ENSG00000108946.14,P10644,PRKAR1,PRKAR1A,TSE1"
RUNX1,runt-related transcription factor 1  (AML1),861,21:34787801-35049344,1,,22.12,yes,,"AML, pre B-ALL, T-ALL",,,L,Dom,"oncogene, TSG, fusion",T,"RPL22, MECOM, CBFA2T3, RUNX1T1, ETV6, AFF3",,,"861,AML1,AMLCR1,CBFA2,ENSG00000159216.18,PEBP2A2,Q01196,RUNX1"
RUNX1T1,"runt-related transcription factor 1; translocated to, 1 (cyclin D-related)",862,8:91954967-92095654,1,Yes,21.3,yes,,AML,,,L,Dom,"oncogene, TSG, fusion",T,"KMT2A, RUNX1",,,"862,AML1T1,CBFA2T1,CDR,ENSG00000079102.16,ETO,MTG8,RUNX1T1,ZMYND2"
STAT5B,signal transducer and activator of transcription 5B,6777,17:42199168-42276406,1,,21.2,yes,,"large granular lymphocytic leukaemia, skin basal cell, APL",,,"L, E",Dom,"oncogene, TSG, fusion","Mis, O, T",RARA,yes,IPEX-like syndrome,"6777,ENSG00000173757.9,P51692,STAT5B"
SUZ12,suppressor of zeste 12 homolog (Drosophila),23512,17:31937018-32001045,1,Yes,11.2,yes,,endometrial stromal tumour,,,M,Dom,"oncogene, TSG, fusion",T,JAZF1,,,"23512,CHET9,ENSG00000178691.10,JJAZ1,KIAA0160,Q15022,SUZ12"
TET1,tet methylcytosine dioxygenase 1,80312,10:68560656-68694482,1,Yes,21.3,yes,,AML,,,L,Dom,"oncogene, TSG, fusion",T,KMT2A,,,"80312,CXXC6,ENSG00000138336.8,KIAA1676,LCX,Q8NFU7,TET1,bA119F7.1"
TCF3,transcription factor 3 (E2A immunoglobulin enhancer binding factors E12/E47),6929,19:1609290-1652329,1,,13.3,yes,,pre B-ALL,,,L,Dom,"oncogene, TSG, fusion",T,"PBX1, HLF, TFPT",,,"6929,E2A,E47,ENSG00000071564.14,ITF1,MGC129647,MGC129648,P15923,TCF3,VDIR,bHLHb21,p75"
TBL1XR1,transducin (beta)-like 1 X-linked receptor 1,79718,3:177019355-177196478,1,Yes,26.32,yes,,"splenic marginal zone lymphoma, primary central nervous system lymphoma, colorectal carcinoma, gallbladder carcinoma",,,"L, E, M",Rec,"oncogene, TSG, fusion","F, Mis",,,,"79718,C21,DC42,ENSG00000177565.16,FLJ12894,IRA1,Q9BZK7,TBL1XR1,TBLR1"
TRIM24,tripartite motif containing 24,8805,7:138460334-138589993,1,,34,yes,,APL,,,L,Dom,"oncogene, TSG, fusion",T,RARA,,,"8805,ENSG00000122779.17,O15164,RNF82,TIF1,TIF1A,TRIM24,Tif1a,hTIF1"
TP53,tumor protein p53,7157,17:7668402-7687538,1,Yes,13.1,yes,yes,"breast, colorectal, lung, sarcoma, adrenocortical, glioma, Spitzoid tumour, multiple other tumour types","breast, sarcoma, adrenocortical carcinoma, glioma, multiple other tumour types",Li-Fraumeni syndrome,"L, E, M, O",Rec,"oncogene, TSG, fusion","Mis, N, F, T",NTRK1,,,"7157,ENSG00000141510.16,LFS1,P04637,TP53,p53"
ATP1A1,"ATPase, Na+/K+ transporting, alpha 1 polypeptide",476,1:116373867-116404772,1,Yes,13.1,yes,,adrenal aldosterone producing adenoma,,,E,Dom,"oncogene, TSG","Mis, O",,,,"476,ATP1A1,ENSG00000163399.15,P05023"
BCL9L,B-cell CLL/lymphoma 9-like,283149,11:118893875-118910904,1,Yes,23.3,yes,,"colorectal cancer, endometrial carcinoma, gastric cancer",,,E,,"oncogene, TSG","Mis, F",,,,"283149,BCL9L,DLNB11,ENSG00000186174.12,Q86UU0"
BCORL1,BCL6 corepressor-like 1,63035,X:130005188-130058083,1,Yes,26.1,yes,,"AML, HNSCC",,,"E, L",,"oncogene, TSG","Mis, N, F",,,,"63035,BCORL1,CXorf10,ENSG00000085185.15,FLJ11362,Q5H9F3"
BTK,Bruton agammaglobulinemia tyrosine kinase,695,X:101349447-101390796,1,Yes,22.1,yes,,"CLL, mantle cell lymphoma, WM",,,L,Dom,"oncogene, TSG",Mis,,yes,agammaglobulinemia,"695,AGMX1,ATK,BTK,ENSG00000010671.15,IMD1,PSCTK1,Q06187,XLA"
CBLC,Cas-Br-M (murine) ecotropic retroviral transforming sequence c,23624,19:44777869-44800634,1,,13.32,yes,,AML,,,L,Rec,"oncogene, TSG",M,,,,"23624,CBL-3,CBL-SL,CBLC,ENSG00000142273.11,Q9ULV8,RNF57"
POLQ,DNA polymerase theta,10721,3:121431431-121546006,1,,13.33,yes,yes,oral SCC,breast cancer,,E,,"oncogene, TSG",Mis,,,,"10721,ENSG00000051341.13,O75417,POLH,POLQ"
FES,"FES proto-oncogene, tyrosine kinase",2242,15:90884412-90895776,1,Yes,26.1,yes,,"HNSCC, ovarian carcinoma",,,E,,"oncogene, TSG","Mis, F",,,,"2242,ENSG00000182511.11,FES,FPS,P07332"
GATA1,GATA binding protein 1 (globin transcription factor 1),2623,X:48786554-48794308,1,Yes,11.23,yes,,megakaryoblastic leukaemia of Downs syndrome,,,L,Dom,"oncogene, TSG","Mis, F",,,,"2623,ENSG00000102145.13,ERYF1,GATA-1,GATA1,GF1,NF-E1,NFE1,P15976"
GATA3,GATA binding protein 3,2625,10:8054653-8075203,1,Yes,14,yes,,breast,,,E,Rec,"oncogene, TSG","F, N, S",,yes,"HDR syndrome (hypoparathyroidism, sensorineural deafness, and renal disease)","2625,ENSG00000107485.16,GATA3,HDR,P23771"
JAK1,Janus kinase 1,3716,1:64833229-64966504,1,Yes,31.3,yes,,ALL,,,L,Dom,"oncogene, TSG",Mis,,,,"3716,ENSG00000162434.11,JAK1,JAK1A,JAK1B,JTK3,P23458"
KLF4,Kruppel-like factor 4,9314,9:107484852-107489646,1,Yes,31.2,yes,,meningioma,,,O,Dom,"oncogene, TSG",Mis,,,,"9314,ENSG00000136826.14,EZF,GKLF,KLF4,O43474"
NKX2-1,NK2 homeobox 1,7080,14:36516392-36520228,1,,13.3,yes,,NSCLC,,,E,Dom,"oncogene, TSG",A,,,,"7080,BCH,ENSG00000136352.17,NKX2-1,NKX2A,P43699,TITF1,TTF-1,TTF1"
NOTCH2,Notch homolog 2,4853,1:119911553-120069626,1,Yes,12,yes,,"marginal zone lymphoma, DLBCL, bladder",,,"L, E",Dom/Rec,"oncogene, TSG","N, F, Mis",,yes,"Hajdu-Cheney syndrome, serpentine fibula-polycystic kidney syndrome","4853,ENSG00000134250.19,NOTCH2,Q04721"
QKI,"QKI, KH domain containing, RNA binding",9444,6:163414643-163578596,1,Yes,26,yes,,"angiocentric glioma, colorectal cancer",,,"E, O",Dom,"oncogene, TSG","Mis, F, T",MYB,,,"9444,ENSG00000112531.16,Q96PU8,QK3,QKI"
RAD21,RAD21 homolog (S. pombe),5885,8:116845935-116874866,1,Yes,24.11,yes,,"AML, endometrium, colorectal, lung",,,"L, E",Rec,"oncogene, TSG","Mis, N, F",,yes,Cornelia de Lange syndrome-4,"5885,ENSG00000164754.14,KIAA0078,O60216,RAD21,SCC1,hHR21"
RECQL4,RecQ protein-like 4,9401,8:144511291-144517826,1,Yes,24.3,,yes,,"osteosarcoma, skin basal cell, skin sqamous cell",Rothmund-Thompson syndrome,M,Rec,"oncogene, TSG","N, F, S",,,,"9401,ENSG00000160957.12,O94761,RECQL4,RecQ4"
TBX3,T-box 3,6926,12:114670255-114683590,1,,24.21,yes,,"breast, large intestine, skin",,,E,Dom,"oncogene, TSG","Mis, N, F, O",,yes,ulnar-mammary syndrome,"6926,ENSG00000135111.15,O15119,TBX3,TBX3-ISO,UMS,XHL"
APOBEC3B,apolipoprotein B mRNA editing enzyme catalytic subunit 3B,9582,22:38982409-38992784,1,Yes,13.1,,yes,,breast cancer,,E,Rec,"oncogene, TSG",D,,,,"9582,APOBEC3B,ENSG00000179750.15,FLJ21201,PHRBNL,Q9UH17"
BMPR1A,"bone morphogenetic protein receptor, type IA",657,10:86756650-86932838,1,Yes,23.2,,yes,,gastrointestinal polyps,juvenile polyposis,E,Rec,"oncogene, TSG","Mis, N, F",,,,"657,ACVRLK3,ALK3,BMPR1A,CD292,ENSG00000107779.13,P36894"
CUX1,cut-like homeobox 1,1523,7:101816011-102258233,1,Yes,22.1,yes,,"endometrial, melanoma, colorectal, AML, MDS, other tumour types",,,"E,L,M,O",Dom,"oncogene, TSG","N,F,S,Mis,O,T",CLDN7,,,"1523,CASP,CDP,CDP/Cut,CDP/Cux,CDP1,CUT,CUTL1,CUX,CUX1,Clox,Cux/CDP,ENSG00000257923.10,GOLIM6,P39880"
CDKN1A,cyclin dependent kinase inhibitor 1A,1026,6:36678710-36687337,2,,21.2,yes,,bladder cancer,,,E,,"oncogene, TSG","F, N",,,,"1026,CAP20,CDKN1,CDKN1A,CIP1,ENSG00000124762.13,P21,P38936,SDI1,WAF1,p21,p21CIP1,p21Cip1/Waf1"
DDB2,damage-specific DNA binding protein 2,1643,11:47214942-47239240,1,Yes,11.2,,yes,,"skin basal cell, skin squamous cell, melanoma",xeroderma pigmentosum (E),E,Rec,"oncogene, TSG","Mis, N",,,,"1643,DDB2,DDBB,ENSG00000134574.11,FLJ34321,Q92466,UV-DDB2,XPE"
DAXX,death-domain associated protein,1616,6:33318558-33323014,1,Yes,21.32,yes,,"pancreatic neuroendocrine tumour, paediatric glioblastoma",,,E,Rec,"oncogene, TSG","Mis, F, N",,,,"1616,DAP6,DAXX,ENSG00000204209.12,Q9UER7"
EPAS1,endothelial PAS domain protein 1,2034,2:46297402-46386703,1,Yes,21,yes,,"paraganglioma, pheochromocytoma, central nervous system hemangioblastomas",,,"E, M",Dom,"oncogene, TSG",Mis,,yes,type 3 familial erythrocytosis,"2034,ENSG00000116016.13,EPAS1,HIF2A,HLF,MOP2,PASD2,Q99814,bHLHe73"
EZH2,enhancer of zeste homolog 2,2146,7:148807385-148884278,1,Yes,36.1,yes,,DLBCL,,,L,Dom,"oncogene, TSG",Mis,,,,"2146,ENSG00000106462.10,ENX-1,EZH1,EZH2,KMT6,KMT6A,Q15910"
ERBB4,erb-b2 receptor tyrosine kinase 4,2066,2:211375717-212538841,1,Yes,34,yes,yes,"melanoma, gastric, NSCLC",,,E,Dom,"oncogene, TSG","Mis, N",,yes,Amyotrophic lateral sclerosis 19,"2066,ALS19,ENSG00000178568.14,ERBB4,HER4,Q15303"
FOXL2,forkhead box L2,668,3:138944224-138947140,1,Yes,22.3,yes,,granulosa-cell tumour of the ovary,,,O,Dom,"oncogene, TSG",Mis,,yes,"Blepharophimosis, ptosis and epicanthus inversus Types I, II; Premature ovarian failure type III","668,BPES,BPES1,ENSG00000183770.5,FOXL2,P58012"
GPC3,glypican 3,2719,X:133535754-133985646,1,Yes,26.2,,yes,,Wilms tumour,Simpson-Golabi-Behmel syndrome,O,Rec/X,"oncogene, TSG","D, Mis, N, F, S",,,,"2719,DGSX,ENSG00000147257.13,GPC3,OCI-5,P51654,SDYS,SGB,SGBS,SGBS1"
IRS4,insulin receptor substrate 4,8471,X:108732482-108736409,1,Yes,22.3,yes,,"glioma, rhabdomyosarcoma, melanoma, breast cancer, T-ALL",,,"E, O, M, L",,"oncogene, TSG","Mis, F, T",TRB,,,"8471,ENSG00000133124.11,IRS-4,IRS4,O14654,PY160"
LEF1,lymphoid enhancer binding factor 1,51176,4:108047545-108168422,1,Yes,25,yes,,"B-ALL, T-ALL, eyelid sebaceous carcinoma, AML, lymphomas",,,"L, E",,"oncogene, TSG","Mis, N",,,,"51176,ENSG00000138795.9,LEF1,Q9UJU2,TCF10,TCF1ALPHA,TCF7L3"
KDM6A,"lysine (K)-specific demethylase 6A, UTX",7403,X:44873511-45112602,1,Yes,11.3,yes,,"renal cell carcinoma, bladder carcinoma, oesophageal SCC, MM, medulloblastoma, T-ALL, other tumour types",,,"E, L",Rec,"oncogene, TSG","D, N, F, S",,yes,Kabuki syndrome,"7403,ENSG00000147050.14,KDM6A,O15550,UTX"
KMT2D,lysine (K)-specific methyltransferase 2D,8085,12:49018975-49055324,1,Yes,13.12,yes,,"medulloblastoma, renal",,,"O, E",Rec,"oncogene, TSG","N, F, Mis",,,,"8085,ALR,CAGL114,ENSG00000167548.14,KMT2D,MLL2,MLL4,O14686,TNRC21"
MAP2K4,mitogen-activated protein kinase kinase 4,6416,17:12020834-12143830,1,Yes,12,yes,,"pancreatic, breast, colorectal",,,E,Rec,"oncogene, TSG","D, Mis, N",,,,"6416,ENSG00000065559.14,JNKK1,MAP2K4,MEK4,MKK4,P45985,PRKMK4,SERK1"
MAP3K1,"mitogen-activated protein kinase kinase kinase 1, E3 ubiquitin protein ligase",4214,5:56815574-56896152,1,Yes,11.2,yes,,luminal A breast,,,E,Rec,"oncogene, TSG","N, F, Mis, O, S",,yes,"46,XY sex reversal 6","4214,ENSG00000095015.5,MAP3K1,MAPKKK1,MEKK,MEKK1,Q13233"
MAP3K13,mitogen-activated protein kinase kinase kinase 13,9175,3:185363120-185489097,1,Yes,27.2,yes,,breast,,,E,Rec,"oncogene, TSG",F,,,,"9175,ENSG00000073803.13,LZK,MAP3K13,MEKK13,O43283"
NFE2L2,nuclear factor (erythroid-derived 2)-like 2 (NRF2),4780,2:177230305-177265131,1,Yes,31.2,yes,,"NSCLC, HNSCC",,,E,Dom,"oncogene, TSG",Mis,,,,"4780,ENSG00000116044.15,NFE2L2,NRF2,Q16236"
PABPC1,poly(A) binding protein cytoplasmic 1,26986,8:100702916-100722712,2,,22.3,yes,,"HNSCC, biliary tract carcinoma",,,E,,"oncogene, TSG","Mis, F",,,,"26986,ENSG00000070756.15,P11940,PAB1,PABP1,PABPC1,PABPC2,PABPL1"
PTK6,protein tyrosine kinase 6,5753,20:63528001-63537354,1,Yes,13.33,yes,,"renal, gastric, head and neck, ovarian, others",,,E,Dom,"oncogene, TSG","Mis, N",,,,"5753,BRK,ENSG00000101213.6,PTK6,Q13882"
RHOA,ras homolog family member A,387,3:49359145-49412202,1,Yes,21.31,yes,,"diffuse gastric, T cell lymphomas, paediatric Burkitt lymphoma",,,"E, L",Dom,"oncogene, TSG","Mis, F, O",,,,"387,ARH12,ARHA,ENSG00000067560.10,P61586,RHOA,RHOH12,Rho12,RhoA"
TERT,telomerase reverse transcriptase,7015,5:1253167-1295047,1,Yes,15.33,yes,yes,"melanoma, glioblastoma, hepatocellular carcinoma, bladder, skin basal cell, skin squamous cell, mesothelioma, medulloblastoma, other tumour types",melanoma,,"E, O",Dom,"oncogene, TSG",Promoter Mis,,yes,"Dyskeratosis congenita, Telomere-related pulmonary fibrosis and/or bone marrow failure  1","7015,ENSG00000164362.18,EST2,O14746,TCS1,TERT,TP2,TRT,hEST2"
TP63,tumor protein p63,8626,3:189631427-189897279,1,Yes,28,yes,yes,"HNSCC, DLBCL",NSCLC,,E,,"oncogene, TSG","Mis, N, T",TBL1XR1,yes,"associated with Hay-Wells syndrome, ADULT syndrome, ectrodactyly, ectodermal dysplasia, and cleft lip/palate syndrome (EEC), acro-dermato-ungual-lacrimal-tooth syndrome, limb mammary syndrome, Rapp-Hodgkin syndrome, split hand-split foot malformation","8626,EEC3,ENSG00000073282.12,KET,NBP,OFC8,Q9H3D4,SHFM4,TP53CP,TP53L,TP63,TP73L,p51,p53CP,p63,p73H,p73L"
NT5C2,"5'-nucleotidase, cytosolic II",22978,10:103088018-103193306,1,Yes,24.33,yes,,relapse ALL,,,L,Dom,oncogene,Mis,,yes,Spastic paraplegia-45,"22978,ENSG00000076685.18,GMP,NT5B,NT5C2,P49902,PNT5,SPG65,cN-II"
ARAF,"A-Raf proto-oncogene, serine/threonine kinase",369,X:47561100-47571920,2,,11.3,yes,,"cholangiocarcinoma, lung adenocarcinoma, Langerhans cell histiocytosis",,,"E, L",,oncogene,Mis,,,,"369,ARAF,ARAF1,ENSG00000078061.12"
A1CF,APOBEC1 complementation factor,29974,10:50799421-50885675,2,,11.23,yes,,melanoma,,,E,,oncogene,Mis,,,,"29974,A1CF,ACF,ACF64,ACF65,APOBEC1CF,ASP,ENSG00000148584.14"
AR,Androgen Receptor,367,X:67544036-67730619,1,Yes,12,yes,yes,prostate,,,E,Dom,oncogene,Mis,,yes,"Androgen insensitivity, Hypospadias 1, X-linked, Spinal and bulbar muscular atrophy of Kennedy","367,AIS,AR,DHTR,ENSG00000169083.16,HUMARA,NR3C4,P10275,SBMA,SMAX1"
BCL2L12,BCL2 like 12,83596,19:49665142-49673915,2,,13.33,yes,,"melanoma, SCC",,,E,,oncogene,Mis,,,,"83596,BCL2L12,ENSG00000126453.9,Q9HB09"
CCR4,C-C motif chemokine receptor 4,1233,3:32951574-32956349,2,,22.3,yes,,adult T-cell leukaemia/lymphoma,,,L,,oncogene,N,,,,"1233,CC-CKR-4,CCR4,CD194,CKR4,CMKBR4,ChemR13,ENSG00000183813.6,P51679,k5-5"
CCR7,C-C motif chemokine receptor 7,1236,17:40553769-40565472,2,,21.2,yes,,adult T-cell leukaemia/lymphoma,,,L,,oncogene,N,,,,"1236,BLR2,CCR7,CD197,CDw197,CMKBR7,EBI1,ENSG00000126353.3,P32248"
CXCR4,C-X-C motif chemokine receptor 4,7852,2:136114349-136116243,1,Yes,22.1,yes,yes,WM,,,L,Dom,oncogene,"Mis, N, F",,,,"7852,CD184,CXCR4,D2S201E,ENSG00000121966.6,HM89,HSY3RR,LESTR,NPY3R,NPYR,NPYY3R,P61073,fusin"
CD28,CD28 molecule,940,2:203706548-203738912,2,,33.2,yes,,T-cell lymphoma,,,L,,oncogene,Mis,,,,"940,CD28,ENSG00000178562.17,P10747"
CD79A,"CD79a molecule, immunoglobulin-associated alpha",973,19:41877120-41881372,1,Yes,13.2,yes,,"DLBCL, WM",,,L,Dom,oncogene,S,,yes,Agammaglobulinaemia,"973,CD79A,ENSG00000105369.9,IGA,MB-1,P11912"
CD79B,"CD79b molecule, immunoglobulin-associated beta",974,17:63928740-63932336,1,Yes,23.3,yes,,"DLBCL, WM",,,L,Dom,oncogene,"Mis, S",,yes,Agammaglobulinaemia,"974,B29,CD79B,ENSG00000007312.12,IGB,P40259"
DGCR8,"DGCR8, microprocessor complex subunit",54487,22:20080232-20111871,2,,11.21,yes,,Wilms tumour,,,O,,oncogene,Mis,,,,"54487,C22orf12,DGCR8,DGCRK6,ENSG00000128191.15,Gy1,Q8WYQ5,pasha"
GATA2,GATA binding protein 2,2624,3:128479427-128493185,1,Yes,21.3,yes,,AML (CML blast transformation),,,L,Dom,oncogene,Mis,,,,"2624,ENSG00000179348.11,GATA2,NFE1B,P23769"
H3F3A,"H3 histone, family 3A",3020,1:226063977-226072001,1,Yes,42.12,yes,,glioma,,,O,Dom,oncogene,Mis,,,,"3020,ENSG00000163041.9,H3.3A,H3F3,H3F3A,P84243"
H3F3B,"H3 histone, family 3B (H3.3B)",3021,17:75776434-75779779,1,Yes,25.1,yes,,chondroblastoma,,,M,Dom,oncogene,Mis,,,,"3021,ENSG00000132475.10,H3.3B,H3F3B,P84243"
JAK3,Janus kinase 3,3718,19:17824786-17848032,1,Yes,13.11,yes,,"acute megakaryocytic leukaemia, ETP ALL",,,L,Dom,oncogene,Mis,,,,"3718,ENSG00000105639.18,JAK-3,JAK3,JAK3_HUMAN,JAKL,L-JAK,LJAK,P52333"
MACC1,MET transcriptional regulator MACC1,346389,7:20134655-20217390,2,,21.1,yes,,"liver, CRC",,,E,,oncogene,Mis,,,,"346389,7A5,ENSG00000183742.12,MACC1,Q6ZN28,SH3BP4L"
MDM2,Mdm2 p53 binding protein homolog,4193,12:68808176-68850686,1,,15,yes,,"sarcoma, glioma, colorectal, other tumour types",,,"M, O, E, L",Dom,oncogene,A,,,,"4193,ENSG00000135679.23,HDM2,MDM2,MGC5370,Q00987"
MDM4,Mdm4 p53 binding protein homolog,4194,1:204516383-204558120,1,,32.1,yes,,"glioblastoma, bladder, retinoblastoma",,,M,Dom,oncogene,A,,,,"4194,ENSG00000198625.12,HDMX,MDM4,MDMX,O15151"
ARHGAP5,Rho GTPase activating protein 5,394,14:32077289-32159728,2,,12,yes,,"colon cancer, glioma",,,"E, O",,oncogene,Mis,,,,"394,ARHGAP5,ENSG00000100852.12,GFI2,Q13017,RhoGAP5,p190-B,p190BRhoGAP"
SETDB1,SET domain bifurcated 1,9869,1:150926339-150964735,2,,21.3,yes,,malignant mesothelioma,,,E,,oncogene,"F, Mis",,,,"9869,ENSG00000143379.12,ESET,KG1T,KIAA0067,KMT1E,Q15047,SETDB1,TDRD21"
SIX1,SIX homeobox 1,6495,14:60643415-60649462,1,Yes,23.1,yes,,Wilms tumour,,,O,,oncogene,Mis,,,,"6495,DFNA23,ENSG00000126778.9,Q15475,SIX1"
SIX2,SIX homeobox 2,10736,2:45005161-45009430,2,,21,yes,,Wilms tumour,,,O,,oncogene,Mis,,,,"10736,ENSG00000170577.7,Q9NPC8,SIX2"
SKI,SKI proto-oncogene,6497,1:2228695-2310119,2,,36.33,yes,,melanoma,,,E,,oncogene,Mis,,,,"6497,ENSG00000157933.9,P12755,SKI"
SRC,"SRC proto-oncogene, non-receptor tyrosine kinase",6714,20:37346154-37406050,1,,11.23,yes,,"colorectal cancer, endometrial carcinoma",,,E,Dom,oncogene,"Mis, N",,,,"6714,ASV,ENSG00000197122.11,P12931,SRC,SRC1,c-src"
SOX2,SRY (sex determining region Y)-box 2,6657,3:181711924-181714436,1,,26.33,yes,,"NSCLC, oesophageal squamous carcinoma",,,E,Dom,oncogene,A,,yes,Microphthalmia and oesophageal atresia syndrome,"6657,ENSG00000181449.3,P48431,SOX2"
TMSB4X,Thymosin Beta 4 X-Linked,7114,X:12975110-12977226,2,,22.2,yes,,DLBCL,,,L,,oncogene,"Mis, S, N, F",,,,"7114,ENSG00000205542.10,P62328,TB4X,TMSB4,TMSB4X"
U2AF1,U2 small nuclear RNA auxiliary factor 1,7307,21:43092956-43107587,1,,22.3,yes,,"CLL, MDS",,,L,Dom,oncogene,Mis,,,,"7307,ENSG00000160201.11,Q01081,RN,RNU2AF1,U2AF1,U2AF35,U2AFBP"
WAS,Wiskott-Aldrich syndrome,7454,X:48683779-48691427,1,Yes,11.23,,yes,,lymphoma,Wiskott-Aldrich syndrome,L,Rec/X,oncogene,"Mis, N, F, S",,,,"7454,ENSG00000015285.10,IMD2,P42768,THC,WAS,WASP,WASPA"
ACVR1,"activin A receptor, type I",90,2:157736444-157875111,1,Yes,24.1,yes,,DIPG,,,O,Dom,oncogene,Mis,,yes,Fibrodysplasia ossificans progressiva,"90,ACVR1,ACVR1A,ACVRLK2,ALK2,ENSG00000115170.13,Q04771,SKR1"
CDH17,cadherin 17,1015,8:94127171-94208587,2,,22.1,yes,,melanoma,,,E,,oncogene,Mis,,,,"1015,CDH17,ENSG00000079112.9,HPT-1,Q12864,cadherin"
CACNA1D,"calcium channel, voltage-dependent, L type, alpha 1D subunit",776,3:53495049-53813733,1,Yes,21.1,yes,,adrenal aldosterone producing adenoma,,,E,Dom,oncogene,Mis,,yes,"Syndrome featuring primary aldosteronism, seizures and neuromuscular disease.","776,CACH3,CACN4,CACNA1D,CACNL1A2,CCHL1A2,Cav1.3,ENSG00000157388.16,Q01668"
CALR,calreticulin,811,19:12938607-12944489,1,Yes,13.13,yes,,"MPN, MDS",,,L,Dom,oncogene,"F, Mis",,,,"811,CALR,CRT,ENSG00000179218.13,FLJ26680,P27797,RO,SSA,cC1qR"
CARD11,"caspase recruitment domain family, member 11",84433,7:2906141-3043945,1,Yes,22.2,yes,,DLBCL,,,L,Dom,oncogene,Mis,,,,"84433,BIMP3,CARD11,CARMA1,ENSG00000198286.9,Q9BXL7"
CTNNA2,catenin alpha 2,1496,2:79651552-80648689,2,,12,yes,,gastric cancer,,,E,,oncogene,"Mis, S",,,,"1496,CAP-R,CT114,CTNNA2,ENSG00000066032.18,P26232"
CTNND2,catenin delta 2,1501,5:10971840-11904043,2,,15.2,yes,,"prostae adenocarcinoma, GIST",,,E,,oncogene,Mis,,,,"1501,CTNND2,ENSG00000169862.18,GT24,NPRAP,Q9UQB3"
CHD4,chromodomain helicase DNA binding protein 4,1108,12:6570088-6607476,1,Yes,13.31,yes,,uterine serous carcinoma,,,E,Dom,oncogene,"Mis, F, N",,,,"1108,CHD4,ENSG00000111642.15,Mi-2b,Mi2-BETA"
CSF1R,colony stimulating factor 1 receptor,1436,5:150053291-150113372,2,,32,yes,,"MDS, CML, AML, hemangioblastoma, CCRCC",,,"L, M, E",,oncogene,"Mis, N",,yes,diffuse leukoencephalopathy with spheroids,"1436,C-FMS,CD115,CSF1R,CSFR,ENSG00000182578.13,FMS,P07333"
CSF3R,colony stimulating factor 3 receptor (granulocyte),1441,1:36466043-36483278,1,Yes,34.3,yes,,"aCML, CNL,  leukaemia lymphoma and MDS associated with severe congenital neutropenia, CMML, de novo AML, MDS",,,L,Dom,oncogene,"Mis, N",,yes,"Kostmann syndrome, severe congenital neutropenia","1441,CD114,CSF3R,ENSG00000119535.17,GCSFR,Q99062"
CCNE1,cyclin E1,898,19:29811898-29824308,1,Yes,12,yes,,serous ovarian,,,E,Dom,oncogene,A,,,,"898,CCNE,CCNE1,ENSG00000105173.13,P24864"
CDK4,cyclin-dependent kinase 4,1019,12:57747727-57752521,1,Yes,14.1,,yes,,melanoma,familial malignant melanoma,E,Dom,oncogene,Mis,,,,"1019,CDK4,ENSG00000135446.16,P11802,PSK-J3"
CYSLTR2,cysteinyl leukotriene receptor 2,57105,13:48706555-48711226,2,,14.2,yes,,uveal melanoma,,,E,,oncogene,Mis,,,,"57105,CYSLT2R,CYSLTR2,CysLT(2),ENSG00000152207.7,Q9NS75"
DDR2,discoidin domain receptor 2,4921,1:162632465-162787400,1,Yes,23.3,yes,,"squamous cell carcinoma, NSCLC",,,E,Dom,oncogene,"Mis, N",,yes,"Spondylometaepiphyseal dysplasia, short limb-hand type","4921,DDR2,ENSG00000162733.16,NTRKR3,Q16832,TKT,TYRO10"
EGFR,"epidermal growth factor receptor (erythroblastic leukemia viral (v-erb-b) oncogene homolog, avian)",1956,7:55019101-55211628,1,Yes,11.2,yes,yes,"glioma, NSCLC",NSCLC,familial lung cancer,"E, O",Dom,oncogene,"A, O, Mis",,,,"1956,EGFR,ENSG00000146648.17,ERBB,ERBB1,P00533"
ERBB3,erb-b2 receptor tyrosine kinase 3,2065,12:56079861-56103505,1,Yes,13.2,yes,,"colon, gastric, head and neck, bladder, skin",,,E,Dom,oncogene,"Mis, N",,,,"2065,ENSG00000065361.15,ERBB3,HER3,LCCS2,P21860"
XPO1,"exportin 1 (CRM1 homolog, yeast)",7514,2:61477849-61538283,1,Yes,15,yes,,CLL,,,L,Dom,oncogene,Mis,,,,"7514,CRM1,ENSG00000082898.16,O14980,XPO1,emb"
FUBP1,far upstream element (FUSE) binding protein 1,8880,1:77948405-77979086,1,Yes,31.1,yes,,oligodendroglioma,,,O,Rec,oncogene,"F, N",,,,"8880,ENSG00000162613.16,FBP,FUBP,FUBP1,Q96AE4"
FGFR4,fibroblast growth factor receptor 4,2264,5:177086886-177098144,1,Yes,35.2,yes,,rhabdomyosarcoma,,,M,Dom,oncogene,Mis,,,,"2264,CD334,ENSG00000160867.14,FGFR4,JTK2,P22455"
FLT3,fms-related tyrosine kinase 3,2322,13:28003274-28100592,1,Yes,12.2,yes,,"AML, ALL",,,L,Dom,oncogene,"Mis, O",,,,"2322,CD135,ENSG00000122025.14,FLK2,FLT3,P36888,STK1"
FLT4,fms-related tyrosine kinase 4,2324,5:180601506-180649624,1,Yes,35.3,yes,,soft tissue sarcoma,,,M,Dom,oncogene,A,,,,"2324,ENSG00000037280.15,FLT4,P35916,PCL,VEGFR3"
FOXA1,forkhead box A1,3169,14:37589984-37595034,1,Yes,21.1,yes,,"breast, prostate",,,E,Dom,oncogene,"Mis, F",,,,"3169,ENSG00000129514.5,FOXA1,HNF3A,P55317"
GRM3,glutamate metabotropic receptor 3,2913,7:86643914-86864884,2,,21.12,yes,,"melanoma, oral SCC",,,E,,oncogene,"Mis, A",,,,"2913,ENSG00000198822.10,GPRC1C,GRM3,MGLUR3,Q14832,mGlu3"
GNA11,"guanine nucleotide binding protein (G protein), alpha 11 (Gq class)",2767,19:3094410-3124004,1,Yes,13.3,yes,,"uveal melanoma, primary central nervous system melanocytic neoplasms",,,"E, O",Dom,oncogene,Mis,,,,"2767,ENSG00000088256.8,FBH,FBH2,FHH2,GNA11,HHC2,P29992"
GNAS,"guanine nucleotide binding protein (G protein), alpha stimulating activity polypeptide 1",2778,20:58852714-58911192,1,Yes,13.32,yes,,"pituitary adenoma, pancreatic intraductal papillary mucinous neoplasm, fibrous dysplasia",,,"E, M",Dom,oncogene,Mis,,yes,"McCune-Albright syndrome; pseudohypoparathyroidism, type IA","2778,ENSG00000087460.24,GNAS,GNAS1,GNASXL,GPSA,NESP,NESP55,Q5JWF2,SCG6,SgVI"
GNAQ,"guanine nucleotide binding protein (G protein), q polypeptide",2776,9:77716087-78031458,1,Yes,21.2,yes,,"uveal melanoma, primary central nervous system melanocytic neoplasms",,,"E, O",Dom,oncogene,Mis,,,,"2776,ENSG00000156052.10,G-ALPHA-q,GAQ,GNAQ,P50148"
HIST1H3B,"histone cluster 1, H3b",8358,6:26031650-26032060,1,Yes,22.2,yes,,glioma,,,O,Dom,oncogene,Mis,,,,"8358,ENSG00000274267.1,H3/l,H3FL,HIST1H3B,P68431"
HIF1A,hypoxia inducible factor 1 alpha subunit,3091,14:61697622-61748259,1,Yes,23.2,yes,,"endometrioid carcinoma, glioblastoma, colorectal, renal, lung, pancreatic",,,"E, O",Dom,oncogene,"Mis, F, N",,,,"3091,ENSG00000100644.16,HIF-1alpha,HIF1,HIF1A,MOP1,PASD8,Q16665,bHLHe78"
IKBKB,"inhibitor of kappa light polypeptide gene enhancer in B-cells, kinase beta",3551,8:42271302-42331608,1,Yes,11.21,yes,,SMZL,,,L,Dom,oncogene,Mis,,yes,Immunodeficiency 15,"3551,ENSG00000104365.13,IKBKB,IKK-beta,IKK2,IKKB,NFKBIKB,O14920"
IL6ST,"interleukin 6 signal transducer (gp130, oncostatin M receptor)",3572,5:55935095-55994993,1,Yes,11.2,yes,,hepatocellular carcinoma,,,E,Dom,oncogene,O,,,,"3572,CD130,ENSG00000134352.19,GP130,IL6ST,P40189"
IL7R,interleukin 7 receptor,3575,5:35856849-35879603,1,Yes,13.2,yes,,"ALL, ETP ALL",,,L,Dom,oncogene,"Mis, O",,yes,Severe combined immune deficiency,"3575,CD127,ENSG00000168685.14,IL7R,IL7RA,P16871"
IDH1,"isocitrate dehydrogenase 1 (NADP+), soluble",3417,2:208236265-208254322,1,Yes,34,yes,,glioblastoma,,,O,Dom,oncogene,Mis,,,,"3417,ENSG00000138413.13,IDH1,O75874"
IDH2,"isocitrate dehydrogenase 2 (NADP+), mitochondrial",3418,15:90083045-90102504,1,Yes,26.1,yes,,glioblastoma,,,O,Dom,oncogene,Mis,,,,"3418,ENSG00000182054.9,IDH2,P48735"
JUN,jun oncogene,3725,1:58780788-58784327,1,,32.1,yes,,sarcoma,,,M,Dom,oncogene,A,,,,"3725,AP-1,ENSG00000177606.6,JUN,P05412,c-Jun"
KNSTRN,kinetochore localized astrin/SPAG5 binding protein,90417,15:40382721-40394245,2,,15.1,yes,,SCC,,,E,,oncogene,Mis,,,,"90417,C15orf23,ENSG00000128944.13,FLJ14502,KNSTRN,Q9Y448,SKAP,TRAF4AF1,kinastrin"
KAT7,lysine acetyltransferase 7,11143,17:49788555-49835030,2,,21.33,yes,,CCRCC,,,E,,oncogene,Mis,,,,"11143,ENSG00000136504.11,HBO1,HBOA,KAT7,MYST2,O95251,ZC2HC7"
MTOR,mechanistic target of rapamycin,2475,1:11106535-11262507,1,Yes,36.22,yes,,"endometrial carcinoma, head and neck, clear cell renal cell carcinoma, anaplastic thyroid cancer, urothelial cell carcinoma, central nervous system tumours, testicular germ cell tumours and other tumour types",,,E,Dom,oncogene,"Mis, N",,yes,"Smith-Kingsmore syndrome, brain overgrowth phenotypes such as focal cortical dysplasia and megalencephaly,","2475,ENSG00000198793.12,FLJ44809,FRAP,FRAP1,FRAP2,MTOR,P42345,RAFT1,RAPT1"
MITF,melanogenesis-associated transcription factor,4286,3:69739435-69968336,1,,13,yes,,melanoma,,,E,Dom,oncogene,A,,yes,"Waardenburg syndrome type 2, Tietz syndrome","4286,ENSG00000187098.15,MI,MITF,O75030,WS2,WS2A,bHLHe32"
MET,met proto-oncogene (hepatocyte growth factor receptor),4233,7:116672405-116796342,1,Yes,31.2,yes,,"papillary renal, head-neck squamous cell",papillary renal,familial papillary renal cancer,E,Dom,oncogene,Mis,,,,"4233,DFNB97,ENSG00000105976.14,HGFR,MET,P08581,RCCP2"
MAPK1,mitogen-activated protein kinase 1,5594,22:21754500-21867629,1,Yes,11.22,yes,,"CLL, ovarian mixed germ cell tumour, cervical carcinoma",,,"E, L",Dom,oncogene,Mis,,,,"5594,ENSG00000100030.14,ERK,ERK2,MAPK1,MAPK2,P28482,PRKM1,PRKM2,p41mapk"
MAP2K1,mitogen-activated protein kinase kinase 1,5604,15:66386817-66492312,1,Yes,22.31,yes,,"NSCLC, melanoma, colorectal",,,E,Dom,oncogene,Mis,,yes,Cardiofaciocutaneous syndrome,"5604,ENSG00000169032.9,MAP2K1,MAPKK1,MEK1,PRKMK1,Q02750"
MAP2K2,mitogen-activated protein kinase kinase 2,5605,19:4090321-4124129,1,Yes,13.3,yes,,"NSCLC, melanoma",,,E,Dom,oncogene,Mis,,yes,Cardiofaciocutaneous syndrome,"5605,ENSG00000126934.13,MAP2K2,MEK2,P36507,PRKMK2"
MUC16,"mucin 16, cell surface associated",94025,19:8848844-8981342,2,,13.2,yes,,"HNSCC, melanoma",,,E,,oncogene,Mis,,,,"94025,CA125,ENSG00000181143.15,FLJ14303,MUC16,Q8WXI7"
MUC4,"mucin 4, cell surface associated",4585,3:195746765-195812277,2,,29,yes,,HNSCC,,,E,,oncogene,"Mis, O",,,,"4585,ENSG00000145113.21,MUC4"
MYD88,myeloid differentiation primary response gene (88),4615,3:38138478-38143019,1,Yes,22.2,yes,,ABC-DLBCL,,,L,Dom,oncogene,Mis,,,,"4615,ENSG00000172936.12,MYD88"
MPL,"myeloproliferative leukaemia virus oncogene, thrombopoietin receptor",4352,1:43337849-43352772,1,Yes,34.2,yes,yes,MPN,MPN,familial essential thrombocythemia,L,Dom,oncogene,Mis,,yes,Congenital amegakaryocytic thrombocytopenia,"4352,CD110,ENSG00000117400.17,MPL,P40238,TPOR"
MYOD1,myogenic differentiation 1,4654,11:17719568-17722131,1,Yes,15.1,yes,,embryonal rhabdomyosarcoma,,,M,Dom,oncogene,Mis,,,,"4654,ENSG00000129152.3,MYF3,MYOD,MYOD1,P15172,PUM,bHLHc1"
NRAS,neuroblastoma RAS viral (v-ras) oncogene homolog,4893,1:114704469-114716894,1,Yes,13.2,yes,,"melanoma, MM, AML, thyroid",,,"L, E",Dom,oncogene,Mis,,,,"4893,ENSG00000213281.4,N-ras,NRAS,P01111"
PREX2,"phosphatidylinositol-3,4,5-trisphosphate dependent Rac exchange factor 2",80243,8:67952118-68237030,1,Yes,13.2,yes,,"melanoma, pancreatic ductal adenocarcinoma",,,E,Dom,oncogene,"Mis, N",,,,"80243,DEP.2,DEPDC2,ENSG00000046889.18,FLJ12987,P-REX2,PPP1R129,PREX2,Q70Z35"
PIK3CB,"phosphatidylinositol-4,5-bisphosphate 3-kinase catalytic subunit beta",5291,3:138652699-138759359,1,Yes,22.3,yes,,"SCC, NSCLC",,,E,,oncogene,Mis,,,,"5291,ENSG00000051382.8,P42338,PIK3C1,PIK3CB"
PIK3CA,"phosphoinositide-3-kinase, catalytic, alpha polypeptide",5290,3:179148523-179240093,1,Yes,26.32,yes,,"colorectal, gastric, glioblastoma, breast",,,"E, O",Dom,oncogene,Mis,,,,"5290,ENSG00000121879.4,P42336,PI3K,PIK3CA"
KCNJ5,potassium inwardly-rectifying channel; subfamily J; member 5,3762,11:128891356-128921035,1,,24.3,yes,,adrenal adenoma,,,E,Dom,oncogene,Mis,,yes,"Familial hyperaldosteronism type III, Long QT syndrome","3762,CIR,ENSG00000120457.11,GIRK4,KATP1,KCNJ5,Kir3.4,LQT13,P48544"
PRKACA,protein kinase cAMP-activated catalytic subunit alpha,5566,19:14091688-14117744,1,Yes,13.12,yes,,"fibrolamellar hepatocellular carcinoma, cortisol secreting adrenal adenoma",,,E,Dom,oncogene,"T, Mis, N",DNAJB1,,,"5566,ENSG00000072062.13,P17612,PKACa,PRKACA"
PPM1D,"protein phosphatase, Mg2+/Mn2+ dependent 1D",8493,17:60600183-60666280,1,Yes,23.2,yes,,"glioma, ovarian cancer, breast cancer",,,E,Dom,oncogene,"A, Mis, N, F",,,,"8493,ENSG00000170836.11,O15297,PP2C-DELTA,PPM1D,Wip1"
PTPN11,"protein tyrosine phosphatase, non-receptor type 11",5781,12:112419112-112504764,1,Yes,24.13,yes,,"JMML, AML, MDS",,,L,Dom,oncogene,Mis,,yes,Noonan Syndrome,"5781,BPTP3,ENSG00000179295.17,NS1,PTP2C,PTPN11,Q06124,SH-PTP2,SHP-2,SHP2"
RAC1,"ras-related C3 botulinum toxin substrate 1 (rho family, small GTP binding protein Rac1)",5879,7:6374539-6402520,1,Yes,22.1,yes,,"melanoma, carcinoma",,,E,Dom,oncogene,"Mis, F",,,,"5879,ENSG00000136238.17,P63000,RAC1,Rac-1,TC-25,p21-Rac1"
SRSF2,serine/arginine-rich splicing factor 2,6427,17:76734115-76737333,1,,25.1,yes,,"MDS, CLL",,,L,Dom,oncogene,Mis,,,,"6427,ENSG00000161547.16,PR264,Q01130,SC-35,SC35,SFRS2,SFRS2A,SRSF2"
SGK1,serum/glucocorticoid regulated kinase 1,6446,6:134169246-134318058,2,,23.2,yes,,Nodular lymphocyte predominant Hodgkin lymphoma,,,L,,oncogene,Mis,,,,"6446,ENSG00000118515.11,O00141,SGK,SGK1"
STAT3,signal transducer and activator of transcription 3 (acute-phase response factor),6774,17:42313324-42388568,1,,21.2,yes,yes,T-cell large granular lymphocytic leukaemia,paediatric large granular lymphocytic leukaemia,,L,Dom,oncogene,"Mis,O",,yes,IPEX-like syndrome,"6774,APRF,ENSG00000168610.14,P40763,STAT3"
SMO,smoothened homolog (Drosophila),6608,7:129188872-129213545,1,,32.1,yes,,skin basal cell,,,E,Dom,oncogene,Mis,,,,"6608,ENSG00000128602.9,FZD11,Q99835,SMO,SMOH"
SALL4,spalt like transcription factor 4,57167,20:51782331-51802520,1,,13.2,yes,,"colorectal cancer, breast cancer, prostate cancer, glioblastoma, melanoma",,,E,,oncogene,"Mis, F",,,Duane-radial ray syndrome,"57167,ENSG00000101115.12,Q9UJQ4,SALL4,ZNF797,dJ1112F19.1"
SF3B1,"splicing factor 3b, subunit 1, 155kDa",23451,2:197389784-197435091,1,Yes,33.1,yes,,myelodysplastic syndrome,,,L,Dom,oncogene,Mis,,,,"23451,ENSG00000115524.15,Hsh155,O75533,PRPF10,Prp10,SAP155,SF3B1,SF3b155"
TNC,tenascin C,3371,9:115020534-115118257,2,,33.1,yes,,"SCC, melanoma",,,E,,oncogene,Mis,,,,"3371,DFNA56,ENSG00000041982.15,HXB,MGC167029,P24821,TN,TNC"
TSHR,thyroid stimulating hormone receptor,7253,14:80955043-81146302,1,,31.1,yes,yes,toxic thyroid adenoma,thyroid adenoma,,E,Dom,oncogene,Mis,,yes,Hereditary nonautoimmune hyperthyroidism; subclinical hypothyroidism,"7253,ENSG00000165409.17,LGR3,TSHR"
TRRAP,transformation/transcription domain-associated protein,8295,7:98878490-99013243,1,,22.1,yes,,melanoma,,,E,Dom,oncogene,Mis,,,,"8295,ENSG00000196367.13,PAF400,Q9Y4A5,TR-AP,TRRAP,Tra1"
UBR5,ubiquitin protein ligase E3 component n-recognin 5,51366,8:102253012-102412841,1,Yes,22.3,yes,,"mantle cell lymphoma, gastric, colorectal",,,"L, E",Rec,oncogene,"F, N, Mis, S",,,,"51366,DD5,EDD,EDD1,ENSG00000104517.12,HYD,KIAA0896,O95071,UBR5"
USP8,ubiquitin specific peptidase 8,9101,15:50424382-50514419,1,Yes,21.2,yes,,corticotroph adenoma,,,E,Dom,oncogene,"Mis, N",,,,"9101,ENSG00000138592.13,HumORF8,KIAA0055,P40818,SPG59,UBPY,USP8"
HRAS,v-Ha-ras Harvey rat sarcoma viral oncogene homolog,3265,11:532243-535550,1,Yes,15.5,yes,yes,"infrequent sarcomas, rare other tumour types","rhabdomyosarcoma, ganglioneuroblastoma, bladder",Costello syndrome,"E, L, M",Dom,oncogene,Mis,,,,"3265,ENSG00000174775.16,HRAS,HRAS1,P01112"
KRAS,v-Ki-ras2 Kirsten rat sarcoma 2 viral oncogene homolog,3845,12:25209431-25250803,1,Yes,12.1,yes,,"pancreatic, colorectal, lung, thyroid, AML, other tumour types",,,"L, E, M, O",Dom,oncogene,Mis,,,,"3845,ENSG00000133703.11,KRAS,KRAS1,KRAS2,P01116"
AKT1,v-akt murine thymoma viral oncogene homolog 1,207,14:104769349-104794124,1,Yes,32.33,yes,,"breast, colorectal, ovarian, NSCLC",,,E,Dom,oncogene,Mis,,,,"207,AKT,AKT1,ENSG00000142208.15,P31749,PKB,PRKBA,RAC"
AKT2,v-akt murine thymoma viral oncogene homolog 2,208,19:40230317-40285395,1,,13.2,yes,,"ovarian, pancreatic",,,E,Dom,oncogene,A,,,,"208,AKT2,ENSG00000105221.16,P31751"
AKT3,v-akt murine thymoma viral oncogene homolog 3,10000,1:243499720-243843282,2,,44,yes,,GBM,,,O,,oncogene,A,,,,"10000,AKT3,ENSG00000117020.16,PKBG,PRKBG,Q9Y243,RAC-gamma"
KIT,v-kit Hardy-Zuckerman 4 feline sarcoma viral oncogene homolog,3815,4:54657918-54740715,1,Yes,12,yes,yes,"GIST, AML, TGCT, mastocytosis, mucosal melanoma","GIST, epithelioma",familial gastrointestinal stromal tumour,"L, M, O, E",Dom,oncogene,"Mis, O",,yes,Piebald trait,"3815,C-Kit,CD117,ENSG00000157404.15,KIT,P10721,PBT,SCFR"
MYCL,v-myc avian myelocytomatosis viral oncogene lung carcinoma derived homolog,4610,1:39895426-39902013,1,,34.2,yes,,small cell lung carcinoma,,,E,Dom,oncogene,A,,,,"4610,ENSG00000116990.10,LMYC,MYCL,MYCL1,P12524,bHLHe38"
MYCN,"v-myc myelocytomatosis viral related oncogene, neuroblastoma derived (avian)",4613,2:15940564-15947007,1,,24.3,yes,,"neuroblastoma, Wilms tumour",,,O,Dom,oncogene,"A, Mis",,yes,Feingold syndrome 1,"4613,ENSG00000134323.11,MYCN,MYCNOT,N-myc,NMYC,P04198,bHLHe37"
REL,v-rel reticuloendotheliosis viral oncogene homolog (avian),5966,2:60881521-60931610,1,,16.1,yes,,Hodgkin lymphoma,,,L,Dom,oncogene,A,,,,"5966,ENSG00000162924.14,I-Rel,Q04864,REL,c-Rel"
KDR,vascular endothelial growth factor receptor 2,3791,4:55078259-55125595,1,Yes,12,yes,yes,"NSCLC, angiosarcoma",melanoma,,E,Dom,oncogene,Mis,,,,"3791,CD309,ENSG00000128052.9,FLK1,KDR,VEGFR,VEGFR2"
ZEB1,zinc finger E-box binding homeobox 1,6935,10:31319172-31529813,2,,11.22,yes,,"CCRCC, melanoma",,,E,,oncogene,Mis,,,,"6935,AREB6,BZP,ENSG00000148516.21,FECD6,NIL-2-A,P37275,PPCD3,TCF8,ZEB,ZEB1,Zfhep,Zfhx1a"
